partition_kind,q,depth,exponent,layer_dependent,cell_index,bits,x_lo,x_hi,x_mid,plog_mid,c_shared,c_free,displacement,shared_err,free_err,wall_excess,best_donor_index,best_donor_excess,value_add
geometric_x,3,6,1/2,False,0,"(0, 0, 0, 0, 0, 0)",1.0,1.0108892860517005,1.0054446430258501,0.00544464302585023,-0.05224609375,-0.0026836395263671875,-0.04956245422363281,0.0381885919128367,0.0019372364815933578,0.036251355431243346,1,0.0038315730602440728,-0.032419782370999274
geometric_x,3,6,1/2,False,1,"(0, 0, 0, 0, 0, 1)",1.0108892860517005,1.0218971486541166,1.0163932173529087,0.01639321735290857,-0.06201171875,-0.007981300354003906,-0.054030418395996094,0.04168650839126642,0.0019049492123909997,0.03978155917887542,2,0.0037662879641767676,-0.036015271214698656
geometric_x,3,6,1/2,False,2,"(0, 0, 0, 0, 1, 0)",1.0218971486541166,1.0330248790212284,1.0274610138376725,0.02746101383767255,-0.06201171875,-0.01316070556640625,-0.04885101318359375,0.03798870112680691,0.0018724763119775012,0.03611622481482941,3,0.0037001985458093253,-0.032416026269020085
geometric_x,3,6,1/2,False,3,"(0, 0, 0, 0, 1, 1)",1.0330248790212284,1.0442737824274138,1.0386493307243212,0.03864933072432113,-0.07177734375,-0.018222808837890625,-0.053554534912109375,0.04169864852105633,0.0018388660219682436,0.03985978249908809,4,0.003633089666953901,-0.036226692832134186
geometric_x,3,6,1/2,False,4,"(0, 0, 0, 1, 0, 0)",1.0442737824274138,1.0556451783605572,1.0499594803939856,0.0499594803939855,-0.06689453125,-0.02316570281982422,-0.04372882843017578,0.03444594403171097,0.0018052571030665212,0.032640686928644455,5,0.003564754071503058,-0.0290759328571414
geometric_x,3,6,1/2,False,5,"(0, 0, 0, 1, 0, 1)",1.0556451783605572,1.0671404006768237,1.0613927895186903,0.061392789518690385,-0.06689453125,-0.027990341186523438,-0.03890419006347656,0.030932287764499508,0.0017706774044251566,0.02916161036007435,6,0.0034957034440167246,-0.025665906916057624
geometric_x,3,6,1/2,False,6,"(0, 0, 0, 1, 1, 0)",1.0671404006768237,1.0787607977571199,1.0729505992169717,0.07295059921697171,-0.07177734375,-0.032695770263671875,-0.039081573486328125,0.031191766968804817,0.001735623414801804,0.029456143554003014,7,0.003424977740560139,-0.026031165813442874
geometric_x,3,6,1/2,False,7,"(0, 0, 0, 1, 1, 1)",1.0787607977571199,1.0905077326652577,1.0846342652111887,0.08463426521118873,-0.08154296875,-0.037281036376953125,-0.044261932373046875,0.035288596154298295,0.0017003172722455434,0.03358827888205275,8,0.0033533223151877957,-0.030234956566864955
geometric_x,3,6,1/2,False,8,"(0, 0, 1, 0, 0, 0)",1.0905077326652577,1.102382583307841,1.0964451579865493,0.0964451579865493,-0.06689453125,-0.041747093200683594,-0.025147438049316406,0.02075463618523379,0.0016639563558027747,0.019090679829431016,9,0.0032810934093504525,-0.015809586420080565
geometric_x,3,6,1/2,False,9,"(0, 0, 1, 0, 0, 1)",1.102382583307841,1.1143867425958924,1.1083846629518668,0.10838466295186674,-0.07666015625,-0.046092987060546875,-0.030567169189453125,0.024992584913455063,0.0016274707727155769,0.023365114140739485,10,0.003206912011304323,-0.020158202129435164
geometric_x,3,6,1/2,False,10,"(0, 0, 1, 0, 1, 0)",1.1143867425958924,1.1265216186082418,1.1204541806020671,0.12045418060206722,-0.07177734375,-0.05031776428222656,-0.021459579467773438,0.018042860488934904,0.0015901887155755445,0.016452671773359358,11,0.0031309986185363205,-0.013321673154823037
geometric_x,3,6,1/2,False,11,"(0, 0, 1, 0, 1, 1)",1.1265216186082418,1.1387886347566916,1.1326551266824667,0.1326551266824668,-0.07177734375,-0.05442047119140625,-0.01735687255859375,0.014916383613322518,0.0015522534517581786,0.01336413016156434,12,0.0030549538397791707,-0.01030917632178517
geometric_x,3,6,1/2,False,12,"(0, 0, 1, 1, 0, 0)",1.1387886347566916,1.1511892299529827,1.1449889323548372,0.14498893235483717,-0.07177734375,-0.05840301513671875,-0.01337432861328125,0.01185645518293286,0.001513383695505562,0.010343071487427299,13,0.002977902070128241,-0.007365169417299058
geometric_x,3,6,1/2,False,13,"(0, 0, 1, 1, 0, 1)",1.1511892299529827,1.1637248587775775,1.15745704436528,0.1574570443652801,-0.08154296875,-0.06226348876953125,-0.01927947998046875,0.01648913319262087,0.0014744887455530506,0.015014644447067819,14,0.0028985000516918917,-0.012116144395375927
geometric_x,3,6,1/2,False,14,"(0, 0, 1, 1, 1, 0)",1.1637248587775775,1.1763969916502812,1.1700609252139293,0.1700609252139294,-0.08154296875,-0.06600093841552734,-0.015542030334472656,0.013591789679993648,0.0014344698034506342,0.012157319876543013,15,0.002818155285050133,-0.00933916459149288
geometric_x,3,6,1/2,False,15,"(0, 0, 1, 1, 1, 1)",1.1763969916502812,1.189207115002721,1.1828020533265011,0.18280205332650118,-0.09130859375,-0.06961536407470703,-0.02169322967529297,0.01848337751738703,0.0013940239458516584,0.017089353571535373,16,0.0027364938095215093,-0.014352859762013864
geometric_x,3,6,1/2,False,16,"(0, 1, 0, 0, 0, 0)",1.189207115002721,1.202156731452703,1.195681923227712,0.1956819232277121,-0.07177734375,-0.07310676574707031,0.0013294219970703125,0.002403068833032744,0.001352988323731272,0.0010500805093014718,17,0.002654016354564535,0.0016039358452630634
geometric_x,3,6,1/2,False,17,"(0, 1, 0, 0, 0, 1)",1.202156731452703,1.215247359980469,1.208702045716586,0.20870204571658602,-0.07177734375,-0.07647514343261719,0.0046977996826171875,0.00503817455206488,0.001311044038502666,0.003727130513562214,18,0.002569882223197188,-0.001157248290365026
geometric_x,3,6,1/2,False,18,"(0, 1, 0, 0, 1, 0)",1.215247359980469,1.22848053610687,1.2218639480436695,0.22186394804366943,-0.07666015625,-0.07971858978271484,0.0030584335327148438,0.0037093183571588026,0.001268461856955444,0.0024408565002033587,19,0.0024841649009984127,4.330840079505398e-05
geometric_x,3,6,1/2,False,19,"(0, 1, 0, 0, 1, 1)",1.22848053610687,1.241857812073484,1.2351691740901771,0.235169174090177,-0.08642578125,-0.08283710479736328,-0.0035886764526367188,0.00409952891821456,0.0012252971953967365,0.0028742317228178235,20,0.002397168833931004,-0.0004770628888868195
geometric_x,3,6,1/2,False,20,"(0, 1, 0, 1, 0, 0)",1.241857812073484,1.255380757024691,1.2486192845490875,0.24861928454908758,-0.07177734375,-0.0858306884765625,0.0140533447265625,0.012485962629912545,0.001181401093835781,0.011304561536076764,63,0.0012047705574887752,-0.01009979097858799
geometric_x,3,6,1/2,False,21,"(0, 1, 0, 1, 0, 1)",1.255380757024691,1.2690509571917332,1.262215857108212,0.26221585710821216,-0.08154296875,-0.0886983871459961,0.007155418395996094,0.006935261816034962,0.0011369197790088027,0.005798342037026159,63,0.0011123238505798703,-0.004686018186446288
geometric_x,3,6,1/2,False,22,"(0, 1, 0, 1, 1, 0)",1.2690509571917332,1.2828700160787783,1.2759604866352559,0.27596048663525574,-0.07666015625,-0.09144020080566406,0.014780044555664062,0.013107790443203171,0.001091424000081884,0.012016366443121287,62,0.0008958759538569875,-0.0111204904892643
geometric_x,3,6,1/2,False,23,"(0, 1, 0, 1, 1, 1)",1.2828700160787783,1.2968395546510096,1.289854785364894,0.28985478536489395,-0.07666015625,-0.09405517578125,0.01739501953125,0.015254054268217184,0.0010452496228114088,0.014208804645405776,61,0.000702036794235485,-0.013506767851170292
geometric_x,3,6,1/2,False,24,"(0, 1, 1, 0, 0, 0)",1.2968395546510096,1.3109612115247644,1.303900383087887,0.303900383087887,-0.07177734375,-0.0965433120727539,0.024765968322753906,0.021295126729552805,0.0009986274860501099,0.020296499243502696,60,0.0005297360147497147,-0.01976676322875298
geometric_x,3,6,1/2,False,25,"(0, 1, 1, 0, 0, 1)",1.3109612115247644,1.3252366431597413,1.3180989273422528,0.3180989273422528,-0.08154296875,-0.09890270233154297,0.01735973358154297,0.01528532582644214,0.0009506978460405167,0.014334627980401622,59,0.00037896118975418896,-0.013955666790647433
geometric_x,3,6,1/2,False,26,"(0, 1, 1, 0, 1, 0)",1.3252366431597413,1.339667524053303,1.3324520836065221,0.3324520836065222,-0.08154296875,-0.1011343002319336,0.019591331481933594,0.017157002428914197,0.0009024843262300257,0.016254518102684173,58,0.00024698773801536296,-0.016007530364668808
geometric_x,3,6,1/2,False,27,"(0, 1, 1, 0, 1, 1)",1.339667524053303,1.3542555469368927,1.346961535495098,0.34696153549509784,-0.09130859375,-0.10323619842529297,0.011927604675292969,0.01082540573412951,0.0008532416642199075,0.009972164069909603,57,0.0001344086259281069,-0.009837755443981496
geometric_x,3,6,1/2,False,28,"(0, 1, 1, 1, 0, 0)",1.3542555469368927,1.3690024229745905,1.3616289849557417,0.3616289849557417,-0.08642578125,-0.1052093505859375,0.0187835693359375,0.016561285690540266,0.0008030921194995509,0.015758193571040715,56,4.012818794522574e-05,-0.01571806538309549
geometric_x,3,6,1/2,False,29,"(0, 1, 1, 1, 0, 1)",1.3690024229745905,1.383909881963832,1.3764561524692114,0.37645615246921127,-0.08642578125,-0.10705184936523438,0.020626068115234375,0.018141137621894815,0.0007523817892384382,0.017388755832656377,55,3.7527833672566834e-05,-0.01735122799898381
geometric_x,3,6,1/2,False,30,"(0, 1, 1, 1, 1, 0)",1.383909881963832,1.3989796725383112,1.3914447772510716,0.3914447772510716,-0.09130859375,-0.1087636947631836,0.017455101013183594,0.015510047314518677,0.0007008773412373214,0.014809169973281355,54,9.896439233737862e-05,-0.014710205580943977
geometric_x,3,6,1/2,False,31,"(0, 1, 1, 1, 1, 1)",1.3989796725383112,1.4142135623730951,1.4065966174557032,0.4065966174557031,-0.10107421875,-0.11034488677978516,0.009270668029785156,0.00857522940420617,0.0006481691263512948,0.007927060277854876,53,0.00014572042001021336,-0.0077813398578446625
geometric_x,3,6,1/2,False,32,"(1, 0, 0, 0, 0, 0)",1.4142135623730951,1.42961333839197,1.4219134503825326,0.42191345038253253,-0.07177734375,-0.11179351806640625,0.04001617431640625,0.03468795475058978,0.0005947111737074359,0.03409324357688234,52,0.0001784286149700662,-0.033914814961912274
geometric_x,3,6,1/2,False,33,"(1, 0, 0, 0, 0, 1)",1.42961333839197,1.4451808069770467,1.4373970726845082,0.43739707268450834,-0.08154296875,-0.11310958862304688,0.031566619873046875,0.027647712923980935,0.0005405181426542146,0.02710719478132672,51,0.00019902039076942837,-0.02690817439055729
geometric_x,3,6,1/2,False,34,"(1, 0, 0, 0, 1, 0)",1.4451808069770467,1.460917794180647,1.4530493005788467,0.4530493005788468,-0.07666015625,-0.11429214477539062,0.037631988525390625,0.03291801800434692,0.00048572226137030914,0.03243229574297661,50,0.0002068821584075973,-0.03222541358456901
geometric_x,3,6,1/2,False,35,"(1, 0, 0, 0, 1, 1)",1.460917794180647,1.4768261459394993,1.4688719700600732,0.46887197006007314,-0.07666015625,-0.1153411865234375,0.0386810302734375,0.03393589127185863,0.0004297076601357427,0.03350618361172288,49,0.00020464603690240155,-0.03330153757482048
geometric_x,3,6,1/2,False,36,"(1, 0, 0, 1, 0, 0)",1.4768261459394993,1.4929077282912648,1.484866937115382,0.4848669371153821,-0.07666015625,-0.1162557601928711,0.039595603942871094,0.03484709572890582,0.0003727084194656886,0.03447438730944013,48,0.00019415024199765692,-0.03428023706744247
geometric_x,3,6,1/2,False,37,"(1, 0, 0, 1, 0, 1)",1.4929077282912648,1.5091644275934228,1.5010360779423437,0.5010360779423438,-0.08642578125,-0.1170358657836914,0.030610084533691406,0.027181933646376794,0.0003148438235304383,0.026867089822846357,47,0.00017488217569222732,-0.02669220764715413
geometric_x,3,6,1/2,False,38,"(1, 0, 0, 1, 1, 0)",1.5091644275934228,1.5255981507445384,1.5173812891689806,0.5173812891689805,-0.08642578125,-0.11767864227294922,0.03125286102294922,0.027831120174531352,0.00025581772963888483,0.027575302444892466,46,0.00014843891817889119,-0.027426863526713575
geometric_x,3,6,1/2,False,39,"(1, 0, 0, 1, 1, 1)",1.5255981507445384,1.5422108254079407,1.5339044880762396,0.5339044880762396,-0.09619140625,-0.11818599700927734,0.021994590759277344,0.019762538508392737,0.00019621238186092108,0.019566326126531815,45,0.00011642918676401089,-0.019449896939767803
geometric_x,3,6,1/2,False,40,"(1, 0, 1, 0, 0, 0)",1.5422108254079407,1.559004400237837,1.550607612822889,0.550607612822889,-0.07666015625,-0.11855506896972656,0.04189491271972656,0.03738031587178011,0.00013510683656307634,0.03724520903521703,44,8.03150838370982e-05,-0.03716489395137993
geometric_x,3,6,1/2,False,41,"(1, 0, 1, 0, 0, 1)",1.559004400237837,1.5759808451078865,1.5674926226728618,0.5674926226728617,-0.07666015625,-0.11878681182861328,0.04212665557861328,0.03772392585613912,7.36479580442729e-05,0.03765027789809485,43,4.123233352437373e-05,-0.037609045564570474
geometric_x,3,6,1/2,False,42,"(1, 0, 1, 0, 1, 0)",1.5759808451078865,1.593142151342267,1.5845614982250766,0.5845614982250766,-0.08154296875,-0.11888313293457031,0.03734016418457031,0.03360987867647991,1.4223638838680165e-05,0.03359565503764123,43,4.5608032914282676e-05,-0.03355004700472695
geometric_x,3,6,1/2,False,43,"(1, 0, 1, 0, 1, 1)",1.593142151342267,1.6104903319492543,1.6018162416457606,0.6018162416457606,-0.09130859375,-0.11883258819580078,0.02752399444580078,0.02493060691000447,5.3644344889096445e-05,0.024876962565115374,41,4.0903703216965756e-05,-0.024836058861898408
geometric_x,3,6,1/2,False,44,"(1, 0, 1, 1, 0, 0)",1.6104903319492543,1.6280274218573478,1.619258876903301,0.6192588769033011,-0.07666015625,-0.11864471435546875,0.04198455810546875,0.03805135786394607,0.00011833654023599078,0.03793302132371008,40,8.205472064175329e-05,-0.037850966603068324
geometric_x,3,6,1/2,False,45,"(1, 0, 1, 1, 0, 1)",1.6280274218573478,1.645755478153965,1.6368914500056564,0.6368914500056563,-0.08642578125,-0.118316650390625,0.031890869140625,0.029238067434934675,0.00018406656245555797,0.029054000872479117,39,0.00012023268576527737,-0.02893376818671384
geometric_x,3,6,1/2,False,46,"(1, 0, 1, 1, 1, 0)",1.645755478153965,1.6636765803267364,1.6547160292403507,0.6547160292403507,-0.08154296875,-0.11784648895263672,0.03630352020263672,0.03345530500226805,0.0002511042190860204,0.03320420078318203,38,0.00015528910576366863,-0.03304891167741836
geometric_x,3,6,1/2,False,47,"(1, 0, 1, 1, 1, 1)",1.6636765803267364,1.681792830507429,1.6727347054170827,0.6727347054170828,-0.08154296875,-0.1172342300415039,0.035691261291503906,0.03314299526528139,0.00031947165008649705,0.03282352361519489,37,0.0001837664493010731,-0.03263975716589382
geometric_x,3,6,1/2,False,48,"(1, 1, 0, 0, 0, 0)",1.681792830507429,1.7001063537185235,1.6909495921129762,0.6909495921129762,-0.07177734375,-0.11647796630859375,0.04470062255859375,0.041598673791534625,0.0003886327430045626,0.041210041048530065,36,0.0002071390886244337,-0.04100290195990563
geometric_x,3,6,1/2,False,49,"(1, 1, 0, 0, 0, 1)",1.7001063537185235,1.718619298122478,1.7093628259205007,0.7093628259205007,-0.08154296875,-0.11557674407958984,0.034033775329589844,0.03210959242975856,0.00045899251053261637,0.03165059991922595,35,0.000221466541449735,-0.03142913337777621
geometric_x,3,6,1/2,False,50,"(1, 1, 0, 0, 1, 0)",1.718619298122478,1.7373338352737062,1.7279765666980922,0.7279765666980921,-0.08154296875,-0.1145315170288086,0.032988548278808594,0.03138230873034592,0.0005301417937787002,0.03085216693656722,34,0.0002262391953479423,-0.030625927741219278
geometric_x,3,6,1/2,False,51,"(1, 1, 0, 0, 1, 1)",1.7373338352737062,1.7562521603732995,1.7467929978235028,0.7467929978235028,-0.09130859375,-0.11334037780761719,0.022031784057617188,0.021390792036961034,0.0006032250617243918,0.020787566975236642,33,0.0002184567173874124,-0.02056911025784923
geometric_x,3,6,1/2,False,52,"(1, 1, 0, 1, 0, 0)",1.7562521603732995,1.7753764925265212,1.7658143264499104,0.7658143264499103,-0.08642578125,-0.11200141906738281,0.025575637817382812,0.024909784537153614,0.0006767281545345759,0.024233056382619036,32,0.00019863736506021382,-0.024034419017558824
geometric_x,3,6,1/2,False,53,"(1, 1, 0, 1, 0, 1)",1.7753764925265212,1.7947090750031072,1.7850427837648142,0.7850427837648142,-0.08642578125,-0.11051559448242188,0.024089813232421875,0.023709655439514594,0.0007518935027039126,0.02295776193681068,31,0.00016359418028907477,-0.022794167756521606
geometric_x,3,6,1/2,False,54,"(1, 1, 0, 1, 1, 0)",1.7947090750031072,1.8142521755003989,1.804480625251753,0.804480625251753,-0.09130859375,-0.10888099670410156,0.017572402954101562,0.017700265205283314,0.0008282953266501451,0.01687196987863317,30,0.00011267619288420799,-0.016759293685748963
geometric_x,3,6,1/2,False,55,"(1, 1, 0, 1, 1, 1)",1.8142521755003989,1.8340080864093424,1.8241301309548705,0.8241301309548706,-0.10107421875,-0.10709667205810547,0.006022453308105469,0.006741335462703558,0.0009057246502790515,0.005835610812424507,29,4.3129204210579693e-05,-0.0057924816082139275
geometric_x,3,6,1/2,False,56,"(1, 1, 1, 0, 0, 0)",1.8340080864093424,1.8539791250833855,1.843993605746364,0.8439936057463641,-0.08642578125,-0.10516166687011719,0.018735885620117188,0.019159929713085347,0.0009845086545154328,0.018175421058569913,28,4.652073026837136e-05,-0.018128900328301542
geometric_x,3,6,1/2,False,57,"(1, 1, 1, 0, 0, 1)",1.8539791250833855,1.8741676341103,1.8640733795968427,0.8640733795968427,-0.09619140625,-0.10307598114013672,0.006884574890136719,0.007805549681466461,0.0010645436900520615,0.006741005991414399,27,0.00015834429511697788,-0.006582661696297421
geometric_x,3,6,1/2,False,58,"(1, 1, 1, 0, 1, 0)",1.8741676341103,1.8945759815869656,1.8843718078486327,0.8843718078486328,-0.09130859375,-0.10083770751953125,0.00952911376953125,0.010518021533298337,0.0011459448637834088,0.009372076669514928,26,0.0002947476557310282,-0.0090773290137839
geometric_x,3,6,1/2,False,59,"(1, 1, 1, 0, 1, 1)",1.8945759815869656,1.9152065613971474,1.9048912714920565,0.9048912714920565,-0.09130859375,-0.09844589233398438,0.007137298583984375,0.008291984192625118,0.0012287928907945877,0.00706319130183053,25,0.00045607924141869306,-0.006607112060411837
geometric_x,3,6,1/2,False,60,"(1, 1, 1, 1, 0, 0)",1.9152065613971474,1.9360617934922943,1.9256341774447208,0.9256341774447209,-0.09130859375,-0.0959005355834961,0.004591941833496094,0.0058851378990360465,0.0013128651312770382,0.004572272767759008,24,0.0006458870212177345,-0.003926385746541273
geometric_x,3,6,1/2,False,61,"(1, 1, 1, 1, 0, 1)",1.9360617934922943,1.9571441241754002,1.9466029588338474,0.9466029588338474,-0.10107421875,-0.0931997299194336,-0.007874488830566406,0.009374742570458812,0.001398482653298855,0.007976259917159957,23,0.0008643697438271733,-0.007111890173332783
geometric_x,3,6,1/2,False,62,"(1, 1, 1, 1, 1, 0)",1.9571441241754002,1.978456026387951,1.9678000752816756,0.9678000752816757,-0.10107421875,-0.09034252166748047,-0.010731697082519531,0.012426610613212945,0.0014853072063489557,0.01094130340686399,22,0.0011153165269653276,-0.009825986879898663
geometric_x,3,6,1/2,False,63,"(1, 1, 1, 1, 1, 1)",1.978456026387951,2.0,1.9892280131939755,0.9892280131939755,-0.11083984375,-0.08732795715332031,-0.023511886596679688,0.025787062806055732,0.0015734225626415385,0.024213640243414193,21,0.0014002345280605577,-0.022813405715353636
geometric_x,3,6,1/2,True,0,"(0, 0, 0, 0, 0, 0)",1.0,1.0108892860517005,1.0054446430258501,0.00544464302585023,-0.030029296875,-0.0026836395263671875,-0.027345657348632812,0.021825825531831766,0.0019372364815933578,0.01988858905023841,1,0.0038315730602440728,-0.016057015989994337
geometric_x,3,6,1/2,True,1,"(0, 0, 0, 0, 0, 1)",1.0108892860517005,1.0218971486541166,1.0163932173529087,0.01639321735290857,-0.030029296875,-0.007981300354003906,-0.022047996520996094,0.018006194241353815,0.0019049492123909997,0.016101245028962815,2,0.0037662879641767676,-0.012334957064786047
geometric_x,3,6,1/2,True,2,"(0, 0, 0, 0, 1, 0)",1.0218971486541166,1.0330248790212284,1.0274610138376725,0.02746101383767255,-0.031982421875,-0.01316070556640625,-0.01882171630859375,0.015680375521209117,0.0018724763119775012,0.013807899209231617,3,0.0037001985458093253,-0.010107700663422292
geometric_x,3,6,1/2,True,3,"(0, 0, 0, 0, 1, 1)",1.0330248790212284,1.0442737824274138,1.0386493307243212,0.03864933072432113,-0.0341796875,-0.018222808837890625,-0.015956878662109375,0.013600532668749088,0.0018388660219682436,0.011761666646780845,4,0.003633089666953901,-0.008128576979826944
geometric_x,3,6,1/2,True,4,"(0, 0, 0, 1, 0, 0)",1.0442737824274138,1.0556451783605572,1.0499594803939856,0.0499594803939855,-0.041748046875,-0.02316570281982422,-0.01858234405517578,0.015585306521731866,0.0018052571030665212,0.013780049418665345,5,0.003564754071503058,-0.010215295347162286
geometric_x,3,6,1/2,True,5,"(0, 0, 0, 1, 0, 1)",1.0556451783605572,1.0671404006768237,1.0613927895186903,0.061392789518690385,-0.041259765625,-0.027990341186523438,-0.013269424438476562,0.011650866215244663,0.0017706774044251566,0.009880188810819507,6,0.0034957034440167246,-0.006384485366802782
geometric_x,3,6,1/2,True,6,"(0, 0, 0, 1, 1, 0)",1.0671404006768237,1.0787607977571199,1.0729505992169717,0.07295059921697171,-0.04150390625,-0.032695770263671875,-0.008808135986328125,0.008322094590158032,0.001735623414801804,0.006586471175356228,7,0.003424977740560139,-0.003161493434796089
geometric_x,3,6,1/2,True,7,"(0, 0, 0, 1, 1, 1)",1.0787607977571199,1.0905077326652577,1.0846342652111887,0.08463426521118873,-0.04150390625,-0.037281036376953125,-0.004222869873046875,0.004870812236388113,0.0017003172722455434,0.003170494964142569,8,0.0033533223151877957,0.00018282735104522673
geometric_x,3,6,1/2,True,8,"(0, 0, 1, 0, 0, 0)",1.0905077326652577,1.102382583307841,1.0964451579865493,0.0964451579865493,-0.038330078125,-0.041747093200683594,0.0034170150756835938,0.004246620429525823,0.0016639563558027747,0.0025826640737230486,9,0.0032810934093504525,0.0006984293356274039
geometric_x,3,6,1/2,True,9,"(0, 0, 1, 0, 0, 1)",1.102382583307841,1.1143867425958924,1.1083846629518668,0.10838466295186674,-0.04052734375,-0.046092987060546875,0.005565643310546875,0.005854072400427684,0.0016274707727155769,0.004226601627712107,10,0.003206912011304323,-0.001019689616407784
geometric_x,3,6,1/2,True,10,"(0, 0, 1, 0, 1, 0)",1.1143867425958924,1.1265216186082418,1.1204541806020671,0.12045418060206722,-0.0380859375,-0.05031776428222656,0.012231826782226562,0.010913953369596087,0.0015901887155755445,0.009323764654020543,11,0.0031309986185363205,-0.006192766035484222
geometric_x,3,6,1/2,True,11,"(0, 0, 1, 0, 1, 1)",1.1265216186082418,1.1387886347566916,1.1326551266824667,0.1326551266824668,-0.03759765625,-0.05442047119140625,0.01682281494140625,0.014430528094990016,0.0015522534517581786,0.012878274643231838,12,0.0030549538397791707,-0.009823320803452667
geometric_x,3,6,1/2,True,12,"(0, 0, 1, 1, 0, 0)",1.1387886347566916,1.1511892299529827,1.1449889323548372,0.14498893235483717,-0.039306640625,-0.05840301513671875,0.01909637451171875,0.016202596079028093,0.001513383695505562,0.01468921238352253,13,0.002977902070128241,-0.011711310313394289
geometric_x,3,6,1/2,True,13,"(0, 0, 1, 1, 0, 1)",1.1511892299529827,1.1637248587775775,1.15745704436528,0.1574570443652801,-0.039306640625,-0.06226348876953125,0.02295684814453125,0.01921024906517433,0.0014744887455530506,0.01773576031962128,14,0.0028985000516918917,-0.014837260267929388
geometric_x,3,6,1/2,True,14,"(0, 0, 1, 1, 1, 0)",1.1637248587775775,1.1763969916502812,1.1700609252139293,0.1700609252139294,-0.041259765625,-0.06600093841552734,0.024741172790527344,0.02064365799088978,0.0014344698034506342,0.019209188187439146,15,0.002818155285050133,-0.016391032902389014
geometric_x,3,6,1/2,True,15,"(0, 0, 1, 1, 1, 1)",1.1763969916502812,1.189207115002721,1.1828020533265011,0.18280205332650118,-0.04345703125,-0.06961536407470703,0.02615833282470703,0.021806127400834648,0.0013940239458516584,0.02041210345498299,16,0.0027364938095215093,-0.01767560964546148
geometric_x,3,6,1/2,True,16,"(0, 1, 0, 0, 0, 0)",1.189207115002721,1.202156731452703,1.195681923227712,0.1956819232277121,-0.073486328125,-0.07310676574707031,-0.0003795623779296875,0.0016512829891412407,0.001352988323731272,0.0002982946654099686,17,0.002654016354564535,0.0023557216891545666
geometric_x,3,6,1/2,True,17,"(0, 1, 0, 0, 0, 1)",1.202156731452703,1.215247359980469,1.208702045716586,0.20870204571658602,-0.072998046875,-0.07647514343261719,0.0034770965576171875,0.004070529816840387,0.001311044038502666,0.0027594857783377206,18,0.002569882223197188,-0.0001896035551405325
geometric_x,3,6,1/2,True,18,"(0, 1, 0, 0, 1, 0)",1.215247359980469,1.22848053610687,1.2218639480436695,0.22186394804366943,-0.0732421875,-0.07971858978271484,0.006476402282714844,0.006432459907463151,0.001268461856955444,0.005163998050507707,19,0.0024841649009984127,-0.0026798331495092942
geometric_x,3,6,1/2,True,19,"(0, 1, 0, 0, 1, 1)",1.22848053610687,1.241857812073484,1.2351691740901771,0.235169174090177,-0.0732421875,-0.08283710479736328,0.009594917297363281,0.008911210930695702,0.0012252971953967365,0.007685913735298966,20,0.002397168833931004,-0.005288744901367962
geometric_x,3,6,1/2,True,20,"(0, 1, 0, 1, 0, 0)",1.241857812073484,1.255380757024691,1.2486192845490875,0.24861928454908758,-0.0732421875,-0.0858306884765625,0.0125885009765625,0.011311763774646821,0.001181401093835781,0.01013036268081104,63,0.0012047705574887752,-0.008925592123322265
geometric_x,3,6,1/2,True,21,"(0, 1, 0, 1, 0, 1)",1.255380757024691,1.2690509571917332,1.262215857108212,0.26221585710821216,-0.075439453125,-0.0886983871459961,0.013258934020996094,0.011862851364848563,0.0011369197790088027,0.010725931585839761,63,0.0011123238505798703,-0.009613607735259891
geometric_x,3,6,1/2,True,22,"(0, 1, 0, 1, 1, 0)",1.2690509571917332,1.2828700160787783,1.2759604866352559,0.27596048663525574,-0.072998046875,-0.09144020080566406,0.018442153930664062,0.016069724953085077,0.001091424000081884,0.014978300953003192,62,0.0008958759538569875,-0.014082424999146205
geometric_x,3,6,1/2,True,23,"(0, 1, 0, 1, 1, 1)",1.2828700160787783,1.2968395546510096,1.289854785364894,0.28985478536489395,-0.072509765625,-0.09405517578125,0.02154541015625,0.018623647211636743,0.0010452496228114088,0.017578397588825335,61,0.000702036794235485,-0.01687636079458985
geometric_x,3,6,1/2,True,24,"(0, 1, 1, 0, 0, 0)",1.2968395546510096,1.3109612115247644,1.303900383087887,0.303900383087887,-0.073974609375,-0.0965433120727539,0.022568702697753906,0.019505836291411408,0.0009986274860501099,0.0185072088053613,60,0.0005297360147497147,-0.017977472790611584
geometric_x,3,6,1/2,True,25,"(0, 1, 1, 0, 0, 1)",1.3109612115247644,1.3252366431597413,1.3180989273422528,0.3180989273422528,-0.073974609375,-0.09890270233154297,0.02492809295654297,0.021490548227774707,0.0009506978460405167,0.02053985038173419,59,0.00037896118975418896,-0.020160889191980003
geometric_x,3,6,1/2,True,26,"(0, 1, 1, 0, 1, 0)",1.3252366431597413,1.339667524053303,1.3324520836065221,0.3324520836065222,-0.075927734375,-0.1011343002319336,0.025206565856933594,0.021782407740840826,0.0009024843262300257,0.020879923414610802,58,0.00024698773801536296,-0.020632935676595437
geometric_x,3,6,1/2,True,27,"(0, 1, 1, 0, 1, 1)",1.339667524053303,1.3542555469368927,1.346961535495098,0.34696153549509784,-0.078125,-0.10323619842529297,0.02511119842529297,0.021768038472403994,0.0008532416642199075,0.02091479680818409,57,0.0001344086259281069,-0.02078038818225598
geometric_x,3,6,1/2,True,28,"(0, 1, 1, 1, 0, 0)",1.3542555469368927,1.3690024229745905,1.3616289849557417,0.3616289849557417,-0.085693359375,-0.1052093505859375,0.0195159912109375,0.017172270691674804,0.0008030921194995509,0.016369178572175253,56,4.012818794522574e-05,-0.016329050384230027
geometric_x,3,6,1/2,True,29,"(0, 1, 1, 1, 0, 1)",1.3690024229745905,1.383909881963832,1.3764561524692114,0.37645615246921127,-0.085205078125,-0.10705184936523438,0.021846771240234375,0.01916370882179294,0.0007523817892384382,0.018411327032554502,55,3.7527833672566834e-05,-0.018373799198881935
geometric_x,3,6,1/2,True,30,"(0, 1, 1, 1, 1, 0)",1.383909881963832,1.3989796725383112,1.3914447772510716,0.3914447772510716,-0.08544921875,-0.1087636947631836,0.023314476013183594,0.020447343721351513,0.0007008773412373214,0.01974646638011419,54,9.896439233737862e-05,-0.019647501987776813
geometric_x,3,6,1/2,True,31,"(0, 1, 1, 1, 1, 1)",1.3989796725383112,1.4142135623730951,1.4065966174557032,0.4065966174557031,-0.08544921875,-0.11034488677978516,0.024895668029785156,0.021838262465232617,0.0006481691263512948,0.021190093338881322,53,0.00014572042001021336,-0.02104437291887111
geometric_x,3,6,1/2,True,32,"(1, 0, 0, 0, 0, 0)",1.4142135623730951,1.42961333839197,1.4219134503825326,0.42191345038253253,-0.091552734375,-0.11179351806640625,0.02024078369140625,0.01794025615681367,0.0005947111737074359,0.017345544983106236,52,0.0001784286149700662,-0.01716711636813617
geometric_x,3,6,1/2,True,33,"(1, 0, 0, 0, 0, 1)",1.42961333839197,1.4451808069770467,1.4373970726845082,0.43739707268450834,-0.09375,-0.11310958862304688,0.019359588623046875,0.01722548278271643,0.0005405181426542146,0.016684964640062215,51,0.00019902039076942837,-0.016485944249292787
geometric_x,3,6,1/2,True,34,"(1, 0, 0, 0, 1, 0)",1.4451808069770467,1.460917794180647,1.4530493005788467,0.4530493005788468,-0.09130859375,-0.11429214477539062,0.022983551025390625,0.02038010646543302,0.00048572226137030914,0.019894384204062712,50,0.0002068821584075973,-0.019687502045655114
geometric_x,3,6,1/2,True,35,"(1, 0, 0, 0, 1, 1)",1.460917794180647,1.4768261459394993,1.4688719700600732,0.46887197006007314,-0.0908203125,-0.1153411865234375,0.0245208740234375,0.021760220786636114,0.0004297076601357427,0.02133051312650037,49,0.00020464603690240155,-0.02112586708959797
geometric_x,3,6,1/2,True,36,"(1, 0, 0, 1, 0, 0)",1.4768261459394993,1.4929077282912648,1.484866937115382,0.4848669371153821,-0.092529296875,-0.1162557601928711,0.023726463317871094,0.021129199061207842,0.0003727084194656886,0.020756490641742155,48,0.00019415024199765692,-0.020562340399744496
geometric_x,3,6,1/2,True,37,"(1, 0, 0, 1, 0, 1)",1.4929077282912648,1.5091644275934228,1.5010360779423437,0.5010360779423438,-0.092529296875,-0.1170358657836914,0.024506568908691406,0.021864397758092666,0.0003148438235304383,0.02154955393456223,47,0.00017488217569222732,-0.021374671758870003
geometric_x,3,6,1/2,True,38,"(1, 0, 0, 1, 1, 0)",1.5091644275934228,1.5255981507445384,1.5173812891689806,0.5173812891689805,-0.094482421875,-0.11767864227294922,0.02319622039794922,0.02077278036303183,0.00025581772963888483,0.020516962633392945,46,0.00014843891817889119,-0.020368523715214054
geometric_x,3,6,1/2,True,39,"(1, 0, 0, 1, 1, 1)",1.5255981507445384,1.5422108254079407,1.5339044880762396,0.5339044880762396,-0.0966796875,-0.11818599700927734,0.021506309509277344,0.019331017149667368,0.00019621238186092108,0.019134804767806445,45,0.00011642918676401089,-0.019018375581042433
geometric_x,3,6,1/2,True,40,"(1, 0, 1, 0, 0, 0)",1.5422108254079407,1.559004400237837,1.550607612822889,0.550607612822889,-0.094970703125,-0.11855506896972656,0.023584365844726562,0.021220105262224984,0.00013510683656307634,0.02108499842566191,44,8.03150838370982e-05,-0.02100468334182481
geometric_x,3,6,1/2,True,41,"(1, 0, 1, 0, 0, 1)",1.559004400237837,1.5759808451078865,1.5674926226728618,0.5674926226728617,-0.094482421875,-0.11878681182861328,0.02430438995361328,0.02191493285384739,7.36479580442729e-05,0.021841284895803118,43,4.123233352437373e-05,-0.021800052562278745
geometric_x,3,6,1/2,True,42,"(1, 0, 1, 0, 1, 0)",1.5759808451078865,1.593142151342267,1.5845614982250766,0.5845614982250766,-0.0947265625,-0.11888313293457031,0.024156570434570312,0.021834926847937818,1.4223638838680165e-05,0.021820703209099138,43,4.5608032914282676e-05,-0.021775095176184856
geometric_x,3,6,1/2,True,43,"(1, 0, 1, 0, 1, 1)",1.593142151342267,1.6104903319492543,1.6018162416457606,0.6018162416457606,-0.0947265625,-0.11883258819580078,0.02410602569580078,0.0218576176667072,5.3644344889096445e-05,0.021803973321818104,41,4.0903703216965756e-05,-0.02176306961860114
geometric_x,3,6,1/2,True,44,"(1, 0, 1, 1, 0, 0)",1.6104903319492543,1.6280274218573478,1.619258876903301,0.6192588769033011,-0.0947265625,-0.11864471435546875,0.02391815185546875,0.02184739688083093,0.00011833654023599078,0.02172906034059494,40,8.205472064175329e-05,-0.021647005619953186
geometric_x,3,6,1/2,True,45,"(1, 0, 1, 1, 0, 1)",1.6280274218573478,1.645755478153965,1.6368914500056564,0.6368914500056563,-0.096923828125,-0.118316650390625,0.021392822265625,0.01973833351367057,0.00018406656245555797,0.019554266951215014,39,0.00012023268576527737,-0.019434034265449738
geometric_x,3,6,1/2,True,46,"(1, 0, 1, 1, 1, 0)",1.645755478153965,1.6636765803267364,1.6547160292403507,0.6547160292403507,-0.094482421875,-0.11784648895263672,0.02336406707763672,0.021707979077267955,0.0002511042190860204,0.021456874858181936,38,0.00015528910576366863,-0.021301585752418268
geometric_x,3,6,1/2,True,47,"(1, 0, 1, 1, 1, 1)",1.6636765803267364,1.681792830507429,1.6727347054170827,0.6727347054170828,-0.093994140625,-0.1172342300415039,0.023240089416503906,0.021776623058251943,0.00031947165008649705,0.021457151408165447,37,0.0001837664493010731,-0.021273384958864373
geometric_x,3,6,1/2,True,48,"(1, 1, 0, 0, 0, 0)",1.681792830507429,1.7001063537185235,1.6909495921129762,0.6909495921129762,-0.093505859375,-0.11647796630859375,0.02297210693359375,0.02171356501325751,0.0003886327430045626,0.021324932270252946,36,0.0002071390886244337,-0.021117793181628514
geometric_x,3,6,1/2,True,49,"(1, 1, 0, 0, 0, 1)",1.7001063537185235,1.718619298122478,1.7093628259205007,0.7093628259205007,-0.093505859375,-0.11557674407958984,0.022070884704589844,0.021063356024781685,0.00045899251053261637,0.020604363514249067,35,0.000221466541449735,-0.02038289697279933
geometric_x,3,6,1/2,True,50,"(1, 1, 0, 0, 1, 0)",1.718619298122478,1.7373338352737062,1.7279765666980922,0.7279765666980921,-0.095458984375,-0.1145315170288086,0.019072532653808594,0.01844786816442389,0.0005301417937787002,0.01791772637064519,34,0.0002262391953479423,-0.017691487175297248
geometric_x,3,6,1/2,True,51,"(1, 1, 0, 0, 1, 1)",1.7373338352737062,1.7562521603732995,1.7467929978235028,0.7467929978235028,-0.09765625,-0.11334037780761719,0.015684127807617188,0.01543201839200359,0.0006032250617243918,0.014828793330279198,33,0.0002184567173874124,-0.014610336612891786
geometric_x,3,6,1/2,True,52,"(1, 1, 0, 1, 0, 0)",1.7562521603732995,1.7753764925265212,1.7658143264499104,0.7658143264499103,-0.105224609375,-0.11200141906738281,0.0067768096923828125,0.007137534774049193,0.0006767281545345759,0.006460806619514617,32,0.00019863736506021382,-0.0062621692544544034
geometric_x,3,6,1/2,True,53,"(1, 1, 0, 1, 0, 1)",1.7753764925265212,1.7947090750031072,1.7850427837648142,0.7850427837648142,-0.104736328125,-0.11051559448242188,0.005779266357421875,0.00629268350769685,0.0007518935027039126,0.005540790004992938,31,0.00016359418028907477,-0.005377195824703863
geometric_x,3,6,1/2,True,54,"(1, 1, 0, 1, 1, 0)",1.7947090750031072,1.8142521755003989,1.804480625251753,0.804480625251753,-0.10498046875,-0.10888099670410156,0.0039005279541015625,0.004589949625282,0.0008282953266501451,0.003761654298631855,30,0.00011267619288420799,-0.003648978105747647
geometric_x,3,6,1/2,True,55,"(1, 1, 0, 1, 1, 1)",1.8142521755003989,1.8340080864093424,1.8241301309548705,0.8241301309548706,-0.10498046875,-0.10709667205810547,0.0021162033081054688,0.0029587105595414833,0.0009057246502790515,0.0020529859092624316,29,4.3129204210579693e-05,-0.002009856705051852
geometric_x,3,6,1/2,True,56,"(1, 1, 1, 0, 0, 0)",1.8340080864093424,1.8539791250833855,1.843993605746364,0.8439936057463641,-0.101806640625,-0.10516166687011719,0.0033550262451171875,0.0042560484895358955,0.0009845086545154328,0.003271539835020463,28,4.652073026837136e-05,-0.0032250191047520915
geometric_x,3,6,1/2,True,57,"(1, 1, 1, 0, 0, 1)",1.8539791250833855,1.8741676341103,1.8640733795968427,0.8640733795968427,-0.10400390625,-0.10307598114013672,-0.0009279251098632812,0.0019818623111271,0.0010645436900520615,0.0009173186210750383,27,0.00015834429511697788,-0.0007589743259580604
geometric_x,3,6,1/2,True,58,"(1, 1, 1, 0, 1, 0)",1.8741676341103,1.8945759815869656,1.8843718078486327,0.8843718078486328,-0.1015625,-0.10083770751953125,-0.00072479248046875,0.0018663347793251004,0.0011459448637834088,0.0007203899155416916,26,0.0002947476557310282,-0.0004256422598106634
geometric_x,3,6,1/2,True,59,"(1, 1, 1, 0, 1, 1)",1.8945759815869656,1.9152065613971474,1.9048912714920565,0.9048912714920565,-0.10107421875,-0.09844589233398438,-0.002628326416015625,0.0038568207055771674,0.0012287928907945877,0.0026280278147825797,25,0.00045607924141869306,-0.0021719485733638867
geometric_x,3,6,1/2,True,60,"(1, 1, 1, 1, 0, 0)",1.9152065613971474,1.9360617934922943,1.9256341774447208,0.9256341774447209,-0.102783203125,-0.0959005355834961,-0.006882667541503906,0.008243914041791697,0.0013128651312770382,0.006931048910514659,24,0.0006458870212177345,-0.006285161889296924
geometric_x,3,6,1/2,True,61,"(1, 1, 1, 1, 0, 1)",1.9360617934922943,1.9571441241754002,1.9466029588338474,0.9466029588338474,-0.102783203125,-0.0931997299194336,-0.009583473205566406,0.011111653400507238,0.001398482653298855,0.009713170747208382,23,0.0008643697438271733,-0.008848801003381208
geometric_x,3,6,1/2,True,62,"(1, 1, 1, 1, 1, 0)",1.9571441241754002,1.978456026387951,1.9678000752816756,0.9678000752816757,-0.104736328125,-0.09034252166748047,-0.014393806457519531,0.016179316720472067,0.0014853072063489557,0.014694009514123111,22,0.0011153165269653276,-0.013578692987157784
geometric_x,3,6,1/2,True,63,"(1, 1, 1, 1, 1, 1)",1.978456026387951,2.0,1.9892280131939755,0.9892280131939755,-0.10693359375,-0.08732795715332031,-0.019605636596679688,0.021735968418280384,0.0015734225626415385,0.020162545855638845,21,0.0014002345280605577,-0.018762311327578288
uniform_x,3,6,1/2,False,0,"(0, 0, 0, 0, 0, 0)",1.0,1.015625,1.0078125,0.0078125,-0.047119140625,-0.0038270950317382812,-0.04329204559326172,0.034396063490018426,0.0027633102183522973,0.03163275327166613,1,0.005397949288588853,-0.026234803983077273
uniform_x,3,6,1/2,False,1,"(0, 0, 0, 0, 0, 1)",1.015625,1.03125,1.0234375,0.0234375,-0.058837890625,-0.011281967163085938,-0.04755592346191406,0.03771354848443066,0.002656041512703097,0.03505750697172756,2,0.005187242798706533,-0.02987026417302103
uniform_x,3,6,1/2,False,2,"(0, 0, 0, 0, 1, 0)",1.03125,1.046875,1.0390625,0.0390625,-0.06591796875,-0.01839160919189453,-0.04752635955810547,0.03785648786208658,0.0025518068925330394,0.03530468096955354,3,0.004980906035128111,-0.03032377493442543
uniform_x,3,6,1/2,False,3,"(0, 0, 0, 0, 1, 1)",1.046875,1.0625,1.0546875,0.0546875,-0.072509765625,-0.025167465209960938,-0.04734230041503906,0.03788196889430041,0.002449794062007023,0.035432174832293384,4,0.004780247725945201,-0.030651927106348183
uniform_x,3,6,1/2,False,4,"(0, 0, 0, 1, 0, 0)",1.0625,1.078125,1.0703125,0.0703125,-0.066650390625,-0.031622886657714844,-0.035027503967285156,0.02867577997526672,0.0023506512466494414,0.026325128728617277,5,0.00458490908007385,-0.021740219648543425
uniform_x,3,6,1/2,False,5,"(0, 0, 0, 1, 0, 1)",1.078125,1.09375,1.0859375,0.0859375,-0.068603515625,-0.03777027130126953,-0.03083324432373047,0.025571034372044135,0.002253554162077883,0.02331748020996625,6,0.004393603457865215,-0.018923876752101037
uniform_x,3,6,1/2,False,6,"(0, 0, 0, 1, 1, 0)",1.09375,1.109375,1.1015625,0.1015625,-0.072509765625,-0.043618202209472656,-0.028891563415527344,0.024153781550340953,0.0021589076813898402,0.02199487386895111,7,0.00420708101004405,-0.01778779285890706
uniform_x,3,6,1/2,False,7,"(0, 0, 0, 1, 1, 1)",1.109375,1.125,1.1171875,0.1171875,-0.084228515625,-0.0491790771484375,-0.0350494384765625,0.028983279473147987,0.002066474351523288,0.0269168051216247,8,0.00402499497821553,-0.02289181014340917
uniform_x,3,6,1/2,False,8,"(0, 0, 1, 0, 0, 0)",1.125,1.140625,1.1328125,0.1328125,-0.07373046875,-0.054462432861328125,-0.019268035888671875,0.016814028063285656,0.001976039719663297,0.01483798834362236,9,0.0038473471251019293,-0.01099064121852043
uniform_x,3,6,1/2,False,9,"(0, 0, 1, 0, 0, 1)",1.140625,1.15625,1.1484375,0.1484375,-0.080322265625,-0.059477806091308594,-0.020844459533691406,0.01805754731231577,0.0018876817831548365,0.016169865529160936,10,0.0036734698957219735,-0.012496395633438961
uniform_x,3,6,1/2,False,10,"(0, 0, 1, 0, 1, 0)",1.15625,1.171875,1.1640625,0.1640625,-0.0693359375,-0.06423377990722656,-0.0051021575927734375,0.005769353774049441,0.0018014268614180938,0.003967926912631347,11,0.003503078217648113,-0.0004648486949832345
uniform_x,3,6,1/2,False,11,"(0, 0, 1, 0, 1, 1)",1.171875,1.1875,1.1796875,0.1796875,-0.0712890625,-0.06873893737792969,-0.0025501251220703125,0.0037119471516141897,0.001716851332033845,0.0019950958195803447,12,0.0033366583626962595,0.0013415625431159148
uniform_x,3,6,1/2,False,12,"(0, 0, 1, 1, 0, 0)",1.1875,1.203125,1.1953125,0.1953125,-0.072509765625,-0.07300186157226562,0.000492095947265625,0.002022938560107556,0.001634168884096363,0.00038876967601119295,13,0.0031736196196029687,0.0027848499435917757
uniform_x,3,6,1/2,False,13,"(0, 0, 1, 1, 0, 1)",1.203125,1.21875,1.2109375,0.2109375,-0.084228515625,-0.07703018188476562,-0.007198333740234375,0.007266075685030086,0.0015532834951260692,0.0057127921899040165,14,0.0030139657867710445,-0.002698826403132972
uniform_x,3,6,1/2,False,14,"(0, 0, 1, 1, 1, 0)",1.21875,1.234375,1.2265625,0.2265625,-0.09130859375,-0.08083152770996094,-0.010477066040039062,0.009849986586443793,0.001474151428830618,0.008375835157613174,15,0.002857925442629913,-0.0055179097149832615
uniform_x,3,6,1/2,False,15,"(0, 0, 1, 1, 1, 1)",1.234375,1.25,1.2421875,0.2421875,-0.097900390625,-0.08441352844238281,-0.013486862182617188,0.012256589466951691,0.0013965102673015514,0.01086007919965014,63,0.002005052894927679,-0.008855026304722461
uniform_x,3,6,1/2,False,16,"(0, 1, 0, 0, 0, 0)",1.25,1.265625,1.2578125,0.2578125,-0.074462890625,-0.08778190612792969,0.013319015502929688,0.012078886077184065,0.0013203943262307869,0.010758491750953279,63,0.0007057716643937807,-0.010052720086559499
uniform_x,3,6,1/2,False,17,"(0, 1, 0, 0, 0, 1)",1.265625,1.28125,1.2734375,0.2734375,-0.076416015625,-0.09094429016113281,0.014528274536132812,0.013049517543740638,0.0012458641638148423,0.011803653379925795,61,0.0002812037737919739,-0.01152244960613382
uniform_x,3,6,1/2,False,18,"(0, 1, 0, 0, 1, 0)",1.28125,1.296875,1.2890625,0.2890625,-0.080322265625,-0.09390640258789062,0.013584136962890625,0.012279614627569168,0.0011728377436772339,0.011106776883891934,60,0.0004332945966283462,-0.010673482287263588
uniform_x,3,6,1/2,False,19,"(0, 1, 0, 0, 1, 1)",1.296875,1.3125,1.3046875,0.3046875,-0.092041015625,-0.09667396545410156,0.0046329498291015625,0.004921827839792641,0.0011011085823794868,0.0038207192574131544,58,0.0005510468934739256,-0.003269672363939229
uniform_x,3,6,1/2,False,20,"(0, 1, 0, 1, 0, 0)",1.3125,1.328125,1.3203125,0.3203125,-0.076416015625,-0.09925365447998047,0.02283763885498047,0.01987859807688086,0.00103071332291086,0.01884788475397,57,2.7625334965087657e-05,-0.018820259419004913
uniform_x,3,6,1/2,False,21,"(0, 1, 0, 1, 0, 1)",1.328125,1.34375,1.3359375,0.3359375,-0.0830078125,-0.10165023803710938,0.018642425537109375,0.01645629639253953,0.0009616500468126178,0.015494646345726913,56,0.0005250462873144978,-0.014969600058412415
uniform_x,3,6,1/2,False,22,"(0, 1, 0, 1, 1, 0)",1.34375,1.359375,1.3515625,0.3515625,-0.072021484375,-0.10386943817138672,0.03184795379638672,0.027417099727296904,0.0008940022486093332,0.02652309747868757,54,0.0004429274935313696,-0.0260801699851562
uniform_x,3,6,1/2,False,23,"(0, 1, 0, 1, 1, 1)",1.359375,1.375,1.3671875,0.3671875,-0.073974609375,-0.10591602325439453,0.03194141387939453,0.027579946652397522,0.0008274618265508536,0.02675248482584667,53,4.4942595679972434e-05,-0.026707542230166696
uniform_x,3,6,1/2,False,24,"(0, 1, 1, 0, 0, 0)",1.375,1.390625,1.3828125,0.3828125,-0.072509765625,-0.10779476165771484,0.035284996032714844,0.030453684431112602,0.0007620895845463671,0.029691594846566235,52,0.0002845669890296646,-0.029407027857536572
uniform_x,3,6,1/2,False,25,"(0, 1, 1, 0, 0, 1)",1.390625,1.40625,1.3984375,0.3984375,-0.084228515625,-0.1095113754272461,0.025282859802246094,0.02215393667209885,0.0006981109502470795,0.02145582572185177,51,0.0005479970100041219,-0.02090782871184765
uniform_x,3,6,1/2,False,26,"(0, 1, 1, 0, 1, 0)",1.40625,1.421875,1.4140625,0.4140625,-0.09130859375,-0.1110687255859375,0.0197601318359375,0.017524671826976087,0.000634694321612962,0.016889977505363123,49,0.00031343346203482805,-0.016576544043328294
uniform_x,3,6,1/2,False,27,"(0, 1, 1, 0, 1, 1)",1.421875,1.4375,1.4296875,0.4296875,-0.097900390625,-0.1124725341796875,0.0145721435546875,0.013115814429849158,0.0005727796735777312,0.012543034756271427,48,9.847904572649491e-05,-0.012444555710544931
uniform_x,3,6,1/2,False,28,"(0, 1, 1, 1, 0, 0)",1.4375,1.453125,1.4453125,0.4453125,-0.092041015625,-0.11372661590576172,0.02168560028076172,0.019239367245825437,0.0005120291491911833,0.018727338096634252,47,6.647289666811274e-05,-0.01866086519996614
uniform_x,3,6,1/2,False,29,"(0, 1, 1, 1, 0, 1)",1.453125,1.46875,1.4609375,0.4609375,-0.093994140625,-0.11483383178710938,0.020839691162109375,0.018550722930954604,0.00045205085107514695,0.018098672079879457,46,0.00018584863628707345,-0.017912823443592383
uniform_x,3,6,1/2,False,30,"(0, 1, 1, 1, 1, 0)",1.46875,1.484375,1.4765625,0.4765625,-0.097900390625,-0.1157999038696289,0.017899513244628906,0.016034658553507455,0.00039299845848708075,0.015641660095020375,45,0.00026391797538368215,-0.015377742119636693
uniform_x,3,6,1/2,False,31,"(0, 1, 1, 1, 1, 1)",1.484375,1.5,1.4921875,0.4921875,-0.109619140625,-0.11662769317626953,0.007008552551269531,0.006512065289361395,0.0003349230655386956,0.006177142223822699,43,0.0002972083426287132,-0.005879933881193986
uniform_x,3,6,1/2,False,32,"(1, 0, 0, 0, 0, 0)",1.5,1.515625,1.5078125,0.5078125,-0.08154296875,-0.11732101440429688,0.035778045654296875,0.03169971180140576,0.0002775986300321106,0.031422113171373646,42,0.00020225489370483466,-0.03121985827766881
uniform_x,3,6,1/2,False,33,"(1, 0, 0, 0, 0, 1)",1.515625,1.53125,1.5234375,0.5234375,-0.088134765625,-0.11788272857666016,0.029747962951660156,0.026529804385682868,0.00022153189965685993,0.026308272486026008,41,0.00013183870526324446,-0.026176433780762762
uniform_x,3,6,1/2,False,34,"(1, 0, 0, 0, 1, 0)",1.53125,1.546875,1.5390625,0.5390625,-0.0771484375,-0.118316650390625,0.041168212890625,0.03663192284119057,0.0001662755745359467,0.036465647266654626,40,8.209831638098097e-05,-0.036383548950273646
uniform_x,3,6,1/2,False,35,"(1, 0, 0, 0, 1, 1)",1.546875,1.5625,1.5546875,0.5546875,-0.0791015625,-0.11862659454345703,0.03952503204345703,0.03531460982439245,0.00011179011184713705,0.03520281971254531,39,4.6206875981404504e-05,-0.035156612836563905
uniform_x,3,6,1/2,False,36,"(1, 0, 0, 1, 0, 0)",1.5625,1.578125,1.5703125,0.5703125,-0.080322265625,-0.11881446838378906,0.03849220275878906,0.03452214025859592,5.813130713431246e-05,0.03446400895146161,38,2.0638897322507214e-05,-0.034443370054139104
uniform_x,3,6,1/2,False,37,"(1, 0, 0, 1, 0, 1)",1.578125,1.59375,1.5859375,0.5859375,-0.092041015625,-0.11888790130615234,0.026846885681152344,0.024244373399682145,9.561659359935926e-06,0.024234811740322208,38,4.593643662986666e-05,-0.02418887530369234
uniform_x,3,6,1/2,False,38,"(1, 0, 0, 1, 1, 0)",1.59375,1.609375,1.6015625,0.6015625,-0.09912109375,-0.11883735656738281,0.019716262817382812,0.017900208649188242,4.731344023826945e-05,0.017852895208949972,36,2.0495055636811008e-05,-0.017832400153313162
uniform_x,3,6,1/2,False,39,"(1, 0, 0, 1, 1, 1)",1.609375,1.625,1.6171875,0.6171875,-0.105712890625,-0.11867809295654297,0.012965202331542969,0.011913686766905683,9.855433935032226e-05,0.01181513242755536,35,4.699603070451023e-05,-0.01176813639685085
uniform_x,3,6,1/2,False,40,"(1, 0, 1, 0, 0, 0)",1.625,1.640625,1.6328125,0.6328125,-0.0771484375,-0.1184091567993164,0.041260719299316406,0.03759554250801317,0.00014947863784937435,0.0374460638701638,34,8.431280113610417e-05,-0.03736175106902769
uniform_x,3,6,1/2,False,41,"(1, 0, 1, 0, 0, 1)",1.640625,1.65625,1.6484375,0.6484375,-0.0791015625,-0.11803150177001953,0.03892993927001953,0.03572289793252015,0.0001994502738866873,0.03552344765863346,33,0.00013743367646837558,-0.035386013982165086
uniform_x,3,6,1/2,False,42,"(1, 0, 1, 0, 1, 0)",1.65625,1.671875,1.6640625,0.6640625,-0.0830078125,-0.11754989624023438,0.034542083740234375,0.031958762954127404,0.00024851772458652974,0.03171024522954088,32,0.00021242813294591385,-0.031497817096594966
uniform_x,3,6,1/2,False,43,"(1, 0, 1, 0, 1, 1)",1.671875,1.6875,1.6796875,0.6796875,-0.0947265625,-0.11696624755859375,0.02223968505859375,0.020887706875667253,0.0002970455132528423,0.02059066136241441,31,0.000315077900163857,-0.020275583462250554
uniform_x,3,6,1/2,False,44,"(1, 0, 1, 1, 0, 0)",1.6875,1.703125,1.6953125,0.6953125,-0.0791015625,-0.11628150939941406,0.03717994689941406,0.03476220066302152,0.0003446503947771104,0.03441755026824441,31,0.00032600730768644377,-0.03409154296055797
uniform_x,3,6,1/2,False,45,"(1, 0, 1, 1, 0, 1)",1.703125,1.71875,1.7109375,0.7109375,-0.085693359375,-0.11549949645996094,0.029806137084960938,0.028173755654137593,0.0003921753918407172,0.027781580262296875,30,0.00028419888612139045,-0.027497381376175484
uniform_x,3,6,1/2,False,46,"(1, 0, 1, 1, 1, 0)",1.71875,1.734375,1.7265625,0.7265625,-0.07470703125,-0.11462116241455078,0.03991413116455078,0.03768849520397658,0.0004384470203138759,0.037250048183662704,29,0.00020210275330502818,-0.03704794543035768
uniform_x,3,6,1/2,False,47,"(1, 0, 1, 1, 1, 1)",1.734375,1.75,1.7421875,0.7421875,-0.07666015625,-0.11364936828613281,0.03698921203613281,0.03519123695290612,0.00048473170362265837,0.03470650524928347,28,7.314464625128103e-05,-0.03463336060303219
uniform_x,3,6,1/2,False,48,"(1, 1, 0, 0, 0, 0)",1.75,1.765625,1.7578125,0.7578125,-0.072509765625,-0.11258697509765625,0.04007720947265625,0.03826165452250079,0.0005300200086623037,0.037731634513838486,27,0.00010878138620523052,-0.037622853127633256
uniform_x,3,6,1/2,False,49,"(1, 1, 0, 0, 0, 1)",1.765625,1.78125,1.7734375,0.7734375,-0.084228515625,-0.1114349365234375,0.0272064208984375,0.026408578184459176,0.0005750939908296035,0.02583348419362957,26,0.00034993445192386485,-0.025483549741705705
uniform_x,3,6,1/2,False,50,"(1, 1, 0, 0, 1, 0)",1.78125,1.796875,1.7890625,0.7890625,-0.09130859375,-0.11019515991210938,0.018886566162109375,0.01867990842343494,0.0006193215675422531,0.018060586855892687,25,0.0006570148379845574,-0.01740357201790813
uniform_x,3,6,1/2,False,51,"(1, 1, 0, 0, 1, 1)",1.796875,1.8125,1.8046875,0.8046875,-0.097900390625,-0.10886955261230469,0.010969161987304688,0.01122543830194579,0.0006627228607419444,0.010562715441203846,25,0.0006237234575146703,-0.009938991983689176
uniform_x,3,6,1/2,False,52,"(1, 1, 0, 1, 0, 0)",1.8125,1.828125,1.8203125,0.8203125,-0.092041015625,-0.10746002197265625,0.01541900634765625,0.01559575816739653,0.0007061134732230783,0.014889644694173452,24,0.00032593522433824423,-0.014563709469835208
uniform_x,3,6,1/2,False,53,"(1, 1, 0, 1, 0, 1)",1.828125,1.84375,1.8359375,0.8359375,-0.093994140625,-0.10596942901611328,0.011975288391113281,0.012375125478746411,0.0007484110985645313,0.01162671438018188,23,5.205979707191869e-05,-0.011574654583109962
uniform_x,3,6,1/2,False,54,"(1, 1, 0, 1, 1, 0)",1.84375,1.859375,1.8515625,0.8515625,-0.097900390625,-0.10439872741699219,0.0064983367919921875,0.007137631781812122,0.0007908740322243944,0.006346757749587728,22,0.0005172875810686291,-0.005829470168519099
uniform_x,3,6,1/2,False,55,"(1, 1, 0, 1, 1, 1)",1.859375,1.875,1.8671875,0.8671875,-0.109619140625,-0.10274887084960938,-0.006870269775390625,0.00763829973162822,0.0008322751077921753,0.006806024623836044,21,0.0010792740455102397,-0.005726750578325805
uniform_x,3,6,1/2,False,56,"(1, 1, 1, 0, 0, 0)",1.875,1.890625,1.8828125,0.8828125,-0.09912109375,-0.10102176666259766,0.0019006729125976562,0.002748666317833772,0.000873640194865791,0.0018750261229679812,21,0.000623040977685275,-0.0012519851452827062
uniform_x,3,6,1/2,False,57,"(1, 1, 1, 0, 0, 1)",1.890625,1.90625,1.8984375,0.8984375,-0.105712890625,-0.09922027587890625,-0.00649261474609375,0.007398704770990247,0.0009139702035270015,0.0064847345674632455,20,3.307515461258709e-05,-0.006451659412850658
uniform_x,3,6,1/2,False,58,"(1, 1, 1, 0, 1, 0)",1.90625,1.921875,1.9140625,0.9140625,-0.0947265625,-0.09734439849853516,0.0026178359985351562,0.003557600833861805,0.0009544596960243762,0.0026031411378374288,19,0.0006671172143402755,-0.0019360239234971531
uniform_x,3,6,1/2,False,59,"(1, 1, 1, 0, 1, 1)",1.921875,1.9375,1.9296875,0.9296875,-0.0966796875,-0.0953969955444336,-0.0012826919555664062,0.0022831642502825268,0.0009937840842774422,0.0012893801660050846,19,0.0012836257246187641,-5.754441386320464e-06
uniform_x,3,6,1/2,False,60,"(1, 1, 1, 1, 0, 0)",1.9375,1.953125,1.9453125,0.9453125,-0.097900390625,-0.09337806701660156,-0.0045223236083984375,0.005602261876474518,0.0010333400961030745,0.004568921780371443,18,0.0005325134875401299,-0.004036408292831313
uniform_x,3,6,1/2,False,61,"(1, 1, 1, 1, 0, 1)",1.953125,1.96875,1.9609375,0.9609375,-0.109619140625,-0.09129047393798828,-0.01832866668701172,0.0197574315539313,0.0010720138480107767,0.018685417705920523,17,0.00034842896258783715,-0.018336988743332686
uniform_x,3,6,1/2,False,62,"(1, 1, 1, 1, 1, 0)",1.96875,1.984375,1.9765625,0.9765625,-0.11669921875,-0.08913421630859375,-0.02756500244140625,0.02941775029006593,0.0011103876982231074,0.02830736259184282,16,0.0013670239159450873,-0.026940338675897735
uniform_x,3,6,1/2,False,63,"(1, 1, 1, 1, 1, 1)",1.984375,2.0,1.9921875,0.9921875,-0.123291015625,-0.08691120147705078,-0.03637981414794922,0.03877637238662877,0.0011486860898888398,0.037627686296739925,16,0.0008884075597165178,-0.03673927873702341
uniform_x,3,6,1/2,True,0,"(0, 0, 0, 0, 0, 0)",1.0,1.015625,1.0078125,0.0078125,-0.03369140625,-0.0038270950317382812,-0.02986431121826172,0.024510243054245925,0.0027633102183522973,0.02174693283589363,1,0.005397949288588853,-0.016348983547304775
uniform_x,3,6,1/2,True,1,"(0, 0, 0, 0, 0, 1)",1.015625,1.03125,1.0234375,0.0234375,-0.035400390625,-0.011281967163085938,-0.024118423461914062,0.02032928844386235,0.002656041512703097,0.017673246931159254,2,0.005187242798706533,-0.01248600413245272
uniform_x,3,6,1/2,True,2,"(0, 0, 0, 0, 1, 0)",1.03125,1.046875,1.0390625,0.0390625,-0.04150390625,-0.01839160919189453,-0.02311229705810547,0.019612756627035776,0.0025518068925330394,0.017060949734502735,3,0.004980906035128111,-0.012080043699374625
uniform_x,3,6,1/2,True,3,"(0, 0, 0, 0, 1, 1)",1.046875,1.0625,1.0546875,0.0546875,-0.042236328125,-0.025167465209960938,-0.017068862915039062,0.015124317882864677,0.002449794062007023,0.012674523820857654,4,0.004780247725945201,-0.007894276094912453
uniform_x,3,6,1/2,True,4,"(0, 0, 0, 1, 0, 0)",1.0625,1.078125,1.0703125,0.0703125,-0.041015625,-0.031622886657714844,-0.009392738342285156,0.009362304918432636,0.0023506512466494414,0.007011653671783195,5,0.00458490908007385,-0.0024267445917093445
uniform_x,3,6,1/2,True,5,"(0, 0, 0, 1, 0, 1)",1.078125,1.09375,1.0859375,0.0859375,-0.041015625,-0.03777027130126953,-0.0032453536987304688,0.0046901652703348565,0.002253554162077883,0.0024366111082569737,6,0.004393603457865215,0.001956992349608241
uniform_x,3,6,1/2,True,6,"(0, 0, 0, 1, 1, 0)",1.09375,1.109375,1.1015625,0.1015625,-0.042236328125,-0.043618202209472656,0.0013818740844726562,0.003206867337488098,0.0021589076813898402,0.001047959656098258,7,0.00420708101004405,0.0031591213539457924
uniform_x,3,6,1/2,True,7,"(0, 0, 0, 1, 1, 1)",1.109375,1.125,1.1171875,0.1171875,-0.0439453125,-0.0491790771484375,0.0052337646484375,0.006059588827948619,0.002066474351523288,0.0039931144764253305,8,0.00402499497821553,3.1880501790199425e-05
uniform_x,3,6,1/2,True,8,"(0, 0, 1, 0, 0, 0)",1.125,1.140625,1.1328125,0.1328125,-0.04541015625,-0.054462432861328125,0.009052276611328125,0.008923607981263007,0.001976039719663297,0.00694756826159971,9,0.0038473471251019293,-0.0031002211364977808
uniform_x,3,6,1/2,True,9,"(0, 0, 1, 0, 0, 1)",1.140625,1.15625,1.1484375,0.1484375,-0.046142578125,-0.059477806091308594,0.013335227966308594,0.0121807211330995,0.0018876817831548365,0.010293039349944664,10,0.0036734698957219735,-0.00661956945422269
uniform_x,3,6,1/2,True,10,"(0, 0, 1, 0, 1, 0)",1.15625,1.171875,1.1640625,0.1640625,-0.050537109375,-0.06423377990722656,0.013696670532226562,0.01244382123942679,0.0018014268614180938,0.010642394378008697,11,0.003503078217648113,-0.007139316160360584
uniform_x,3,6,1/2,True,11,"(0, 0, 1, 0, 1, 1)",1.171875,1.1875,1.1796875,0.1796875,-0.050537109375,-0.06873893737792969,0.018201828002929688,0.01593727574734853,0.001716851332033845,0.014220424415314686,12,0.0033366583626962595,-0.010883766052618427
uniform_x,3,6,1/2,True,12,"(0, 0, 1, 1, 0, 0)",1.1875,1.203125,1.1953125,0.1953125,-0.04736328125,-0.07300186157226562,0.025638580322265625,0.021756011518094823,0.001634168884096363,0.02012184263399846,13,0.0031736196196029687,-0.01694822301439549
uniform_x,3,6,1/2,True,13,"(0, 0, 1, 1, 0, 1)",1.203125,1.21875,1.2109375,0.2109375,-0.049072265625,-0.07703018188476562,0.027957916259765625,0.02362382001766745,0.0015532834951260692,0.022070536522541383,14,0.0030139657867710445,-0.01905657073577034
uniform_x,3,6,1/2,True,14,"(0, 0, 1, 1, 1, 0)",1.21875,1.234375,1.2265625,0.2265625,-0.05517578125,-0.08083152770996094,0.025655746459960938,0.021869706988513222,0.001474151428830618,0.020395555559682605,15,0.002857925442629913,-0.017537630117052692
uniform_x,3,6,1/2,True,15,"(0, 0, 1, 1, 1, 1)",1.234375,1.25,1.2421875,0.2421875,-0.055908203125,-0.08441352844238281,0.028505325317382812,0.024182395026122072,0.0013965102673015514,0.02278588475882052,63,0.002005052894927679,-0.02078083186389284
uniform_x,3,6,1/2,True,16,"(0, 1, 0, 0, 0, 0)",1.25,1.265625,1.2578125,0.2578125,-0.07421875,-0.08778190612792969,0.013563156127929688,0.012275344856120316,0.0013203943262307869,0.01095495052988953,63,0.0007057716643937807,-0.01024917886549575
uniform_x,3,6,1/2,True,17,"(0, 1, 0, 0, 0, 1)",1.265625,1.28125,1.2734375,0.2734375,-0.07421875,-0.09094429016113281,0.016725540161132812,0.014826357367111548,0.0012458641638148423,0.013580493203296705,61,0.0002812037737919739,-0.013299289429504731
uniform_x,3,6,1/2,True,18,"(0, 1, 0, 0, 1, 0)",1.28125,1.296875,1.2890625,0.2890625,-0.075439453125,-0.09390640258789062,0.018466949462890625,0.016251248356470935,0.0011728377436772339,0.015078410612793702,60,0.0004332945966283462,-0.014645116016165355
uniform_x,3,6,1/2,True,19,"(0, 1, 0, 0, 1, 1)",1.296875,1.3125,1.3046875,0.3046875,-0.0771484375,-0.09667396545410156,0.019525527954101562,0.017135404010621122,0.0011011085823794868,0.016034295428241634,58,0.0005510468934739256,-0.015483248534767707
uniform_x,3,6,1/2,True,20,"(0, 1, 0, 1, 0, 0)",1.3125,1.328125,1.3203125,0.3203125,-0.07275390625,-0.09925365447998047,0.02649974822998047,0.022878173017490757,0.00103071332291086,0.021847459694579897,57,2.7625334965087657e-05,-0.02181983435961481
uniform_x,3,6,1/2,True,21,"(0, 1, 0, 1, 0, 1)",1.328125,1.34375,1.3359375,0.3359375,-0.073486328125,-0.10165023803710938,0.028163909912109375,0.024306348072369432,0.0009616500468126178,0.023344698025556814,56,0.0005250462873144978,-0.022819651738242318
uniform_x,3,6,1/2,True,22,"(0, 1, 0, 1, 1, 0)",1.34375,1.359375,1.3515625,0.3515625,-0.077880859375,-0.10386943817138672,0.02598857879638672,0.02257380507065495,0.0008940022486093332,0.021679802822045617,54,0.0004429274935313696,-0.021236875328514246
uniform_x,3,6,1/2,True,23,"(0, 1, 0, 1, 1, 1)",1.359375,1.375,1.3671875,0.3671875,-0.077880859375,-0.10591602325439453,0.02803516387939453,0.024334743448791312,0.0008274618265508536,0.02350728162224046,53,4.4942595679972434e-05,-0.023462339026560485
uniform_x,3,6,1/2,True,24,"(0, 1, 1, 0, 0, 0)",1.375,1.390625,1.3828125,0.3828125,-0.079833984375,-0.10779476165771484,0.027960777282714844,0.024340560704500594,0.0007620895845463671,0.023578471119954227,52,0.0002845669890296646,-0.023293904130924564
uniform_x,3,6,1/2,True,25,"(0, 1, 1, 0, 0, 1)",1.390625,1.40625,1.3984375,0.3984375,-0.08154296875,-0.1095113754272461,0.027968406677246094,0.02441440938720863,0.0006981109502470795,0.02371629843696155,51,0.0005479970100041219,-0.02316830142695743
uniform_x,3,6,1/2,True,26,"(0, 1, 1, 0, 1, 0)",1.40625,1.421875,1.4140625,0.4140625,-0.087646484375,-0.1110687255859375,0.0234222412109375,0.020633259629311927,0.000634694321612962,0.019998565307698963,49,0.00031343346203482805,-0.019685131845664134
uniform_x,3,6,1/2,True,27,"(0, 1, 1, 0, 1, 1)",1.421875,1.4375,1.4296875,0.4296875,-0.08837890625,-0.1124725341796875,0.0240936279296875,0.021253099231339834,0.0005727796735777312,0.020680319557762103,48,9.847904572649491e-05,-0.02058184051203561
uniform_x,3,6,1/2,True,28,"(0, 1, 1, 1, 0, 0)",1.4375,1.453125,1.4453125,0.4453125,-0.087158203125,-0.11372661590576172,0.02656841278076172,0.023422913865653143,0.0005120291491911833,0.02291088471646196,47,6.647289666811274e-05,-0.022844411819793846
uniform_x,3,6,1/2,True,29,"(0, 1, 1, 1, 0, 1)",1.453125,1.46875,1.4609375,0.4609375,-0.087158203125,-0.11483383178710938,0.027675628662109375,0.024438424025565335,0.00045205085107514695,0.023986373174490188,46,0.00018584863628707345,-0.023800524538203114
uniform_x,3,6,1/2,True,30,"(0, 1, 1, 1, 1, 0)",1.46875,1.484375,1.4765625,0.4765625,-0.08837890625,-0.1157999038696289,0.027420997619628906,0.02428651159886843,0.00039299845848708075,0.02389351314038135,45,0.00026391797538368215,-0.023629595164997668
uniform_x,3,6,1/2,True,31,"(0, 1, 1, 1, 1, 1)",1.484375,1.5,1.4921875,0.4921875,-0.090087890625,-0.11662769317626953,0.02653980255126953,0.023588104748611626,0.0003349230655386956,0.02325318168307293,43,0.0002972083426287132,-0.022955973340444216
uniform_x,3,6,1/2,True,32,"(1, 0, 0, 0, 0, 0)",1.5,1.515625,1.5078125,0.5078125,-0.08984375,-0.11732101440429688,0.027477264404296875,0.024470274213513575,0.0002775986300321106,0.024192675583481465,42,0.00020225489370483466,-0.02399042068977663
uniform_x,3,6,1/2,True,33,"(1, 0, 0, 0, 0, 1)",1.515625,1.53125,1.5234375,0.5234375,-0.090576171875,-0.11788272857666016,0.027306556701660156,0.024388671548495038,0.00022153189965685993,0.02416713964883818,41,0.00013183870526324446,-0.024035300943574932
uniform_x,3,6,1/2,True,34,"(1, 0, 0, 0, 1, 0)",1.53125,1.546875,1.5390625,0.5390625,-0.094970703125,-0.118316650390625,0.023345947265625,0.020958468888966054,0.0001662755745359467,0.020792193314430107,40,8.209831638098097e-05,-0.020710094998049128
uniform_x,3,6,1/2,True,35,"(1, 0, 0, 0, 1, 1)",1.546875,1.5625,1.5546875,0.5546875,-0.094970703125,-0.11862659454345703,0.02365589141845703,0.021283650475825654,0.00011179011184713705,0.021171860363978518,39,4.6206875981404504e-05,-0.021125653487997113
uniform_x,3,6,1/2,True,36,"(1, 0, 0, 1, 0, 0)",1.5625,1.578125,1.5703125,0.5703125,-0.091796875,-0.11881446838378906,0.027017593383789062,0.024334032871647766,5.813130713431246e-05,0.024275901564513452,38,2.0638897322507214e-05,-0.024255262667190945
uniform_x,3,6,1/2,True,37,"(1, 0, 0, 1, 0, 1)",1.578125,1.59375,1.5859375,0.5859375,-0.093505859375,-0.11888790130615234,0.025382041931152344,0.022932037007594195,9.561659359935926e-06,0.02292247534823426,38,4.593643662986666e-05,-0.02287653891160439
uniform_x,3,6,1/2,True,38,"(1, 0, 0, 1, 1, 0)",1.59375,1.609375,1.6015625,0.6015625,-0.099609375,-0.11883735656738281,0.019227981567382812,0.017460049477258207,4.731344023826945e-05,0.017412736037019937,36,2.0495055636811008e-05,-0.017392240981383127
uniform_x,3,6,1/2,True,39,"(1, 0, 0, 1, 1, 1)",1.609375,1.625,1.6171875,0.6171875,-0.100341796875,-0.11867809295654297,0.01833629608154297,0.016780187992753992,9.855433935032226e-05,0.01668163365340367,35,4.699603070451023e-05,-0.01663463762269916
uniform_x,3,6,1/2,True,40,"(1, 0, 1, 0, 0, 0)",1.625,1.640625,1.6328125,0.6328125,-0.091796875,-0.1184091567993164,0.026612281799316406,0.024412127216229512,0.00014947863784937435,0.024262648578380137,34,8.431280113610417e-05,-0.024178335777244032
uniform_x,3,6,1/2,True,41,"(1, 0, 1, 0, 0, 1)",1.640625,1.65625,1.6484375,0.6484375,-0.091796875,-0.11803150177001953,0.02623462677001953,0.02423430090808906,0.0001994502738866873,0.02403485063420237,33,0.00013743367646837558,-0.023897416957733994
uniform_x,3,6,1/2,True,42,"(1, 0, 1, 0, 1, 0)",1.65625,1.671875,1.6640625,0.6640625,-0.093017578125,-0.11754989624023438,0.024532318115234375,0.022841122329476445,0.00024851772458652974,0.022592604604889915,32,0.00021242813294591385,-0.022380176471944
uniform_x,3,6,1/2,True,43,"(1, 0, 1, 0, 1, 1)",1.671875,1.6875,1.6796875,0.6796875,-0.0947265625,-0.11696624755859375,0.02223968505859375,0.020887706875667253,0.0002970455132528423,0.02059066136241441,31,0.000315077900163857,-0.020275583462250554
uniform_x,3,6,1/2,True,44,"(1, 0, 1, 1, 0, 0)",1.6875,1.703125,1.6953125,0.6953125,-0.09033203125,-0.11628150939941406,0.025949478149414062,0.024452389523381052,0.0003446503947771104,0.024107739128603943,31,0.00032600730768644377,-0.023781731820917498
uniform_x,3,6,1/2,True,45,"(1, 0, 1, 1, 0, 1)",1.703125,1.71875,1.7109375,0.7109375,-0.091064453125,-0.11549949645996094,0.024435043334960938,0.02320672556787681,0.0003921753918407172,0.02281455017603609,30,0.00028419888612139045,-0.0225303512899147
uniform_x,3,6,1/2,True,46,"(1, 0, 1, 1, 1, 0)",1.71875,1.734375,1.7265625,0.7265625,-0.095458984375,-0.11462116241455078,0.01916217803955078,0.01844170916494556,0.0004384470203138759,0.018003262144631684,29,0.00020210275330502818,-0.017801159391326656
uniform_x,3,6,1/2,True,47,"(1, 0, 1, 1, 1, 1)",1.734375,1.75,1.7421875,0.7421875,-0.095458984375,-0.11364936828613281,0.018190383911132812,0.017656885188363468,0.00048473170362265837,0.01717215348474081,28,7.314464625128103e-05,-0.017099008838489527
uniform_x,3,6,1/2,True,48,"(1, 1, 0, 0, 0, 0)",1.75,1.765625,1.7578125,0.7578125,-0.08740234375,-0.11258697509765625,0.02518463134765625,0.02435550316421186,0.0005300200086623037,0.023825483155549557,27,0.00010878138620523052,-0.023716701769344328
uniform_x,3,6,1/2,True,49,"(1, 1, 0, 0, 0, 1)",1.765625,1.78125,1.7734375,0.7734375,-0.089111328125,-0.1114349365234375,0.0223236083984375,0.02180594215147303,0.0005750939908296035,0.021230848160643426,26,0.00034993445192386485,-0.02088091370871956
uniform_x,3,6,1/2,True,50,"(1, 1, 0, 0, 1, 0)",1.78125,1.796875,1.7890625,0.7890625,-0.09521484375,-0.11019515991210938,0.014980316162109375,0.014962817694993252,0.0006193215675422531,0.014343496127450998,25,0.0006570148379845574,-0.01368648128946644
uniform_x,3,6,1/2,True,51,"(1, 1, 0, 0, 1, 1)",1.796875,1.8125,1.8046875,0.8046875,-0.095947265625,-0.10886955261230469,0.012922286987304688,0.013098156450205343,0.0006627228607419444,0.0124354335894634,25,0.0006237234575146703,-0.01181171013194873
uniform_x,3,6,1/2,True,52,"(1, 1, 0, 1, 0, 0)",1.8125,1.828125,1.8203125,0.8203125,-0.0947265625,-0.10746002197265625,0.01273345947265625,0.013013437821327797,0.0007061134732230783,0.012307324348104718,24,0.00032593522433824423,-0.011981389123766475
uniform_x,3,6,1/2,True,53,"(1, 1, 0, 1, 0, 1)",1.828125,1.84375,1.8359375,0.8359375,-0.0947265625,-0.10596942901611328,0.011242866516113281,0.01166670658855374,0.0007484110985645313,0.010918295489989209,23,5.205979707191869e-05,-0.01086623569291729
uniform_x,3,6,1/2,True,54,"(1, 1, 0, 1, 1, 0)",1.84375,1.859375,1.8515625,0.8515625,-0.095947265625,-0.10439872741699219,0.008451461791992188,0.009039982531674703,0.0007908740322243944,0.008249108499450309,22,0.0005172875810686291,-0.00773182091838168
uniform_x,3,6,1/2,True,55,"(1, 1, 0, 1, 1, 1)",1.859375,1.875,1.8671875,0.8671875,-0.09765625,-0.10274887084960938,0.005092620849609375,0.005829594922636039,0.0008322751077921753,0.004997319814843864,21,0.0010792740455102397,-0.003918045769333625
uniform_x,3,6,1/2,True,56,"(1, 1, 1, 0, 0, 0)",1.875,1.890625,1.8828125,0.8828125,-0.09912109375,-0.10102176666259766,0.0019006729125976562,0.002748666317833772,0.000873640194865791,0.0018750261229679812,21,0.000623040977685275,-0.0012519851452827062
uniform_x,3,6,1/2,True,57,"(1, 1, 1, 0, 0, 1)",1.890625,1.90625,1.8984375,0.8984375,-0.099853515625,-0.09922027587890625,-0.00063323974609375,0.0015449890509449964,0.0009139702035270015,0.0006310188474179948,20,3.307515461258709e-05,-0.0005979436928054077
uniform_x,3,6,1/2,True,58,"(1, 1, 1, 0, 1, 0)",1.90625,1.921875,1.9140625,0.9140625,-0.104248046875,-0.09734439849853516,-0.006903648376464844,0.007878564341636928,0.0009544596960243762,0.006924104645612552,19,0.0006671172143402755,-0.006256987431272276
uniform_x,3,6,1/2,True,59,"(1, 1, 1, 0, 1, 1)",1.921875,1.9375,1.9296875,0.9296875,-0.104248046875,-0.0953969955444336,-0.008851051330566406,0.009914535387543716,0.0009937840842774422,0.008920751303266274,19,0.0012836257246187641,-0.00763712557864751
uniform_x,3,6,1/2,True,60,"(1, 1, 1, 1, 0, 0)",1.9375,1.953125,1.9453125,0.9453125,-0.10107421875,-0.09337806701660156,-0.0076961517333984375,0.008817871528608037,0.0010333400961030745,0.007784531432504963,18,0.0005325134875401299,-0.007252017944964833
uniform_x,3,6,1/2,True,61,"(1, 1, 1, 1, 0, 1)",1.953125,1.96875,1.9609375,0.9609375,-0.102783203125,-0.09129047393798828,-0.011492729187011719,0.012760109479782084,0.0010720138480107767,0.011688095631771308,17,0.00034842896258783715,-0.01133966666918347
uniform_x,3,6,1/2,True,62,"(1, 1, 1, 1, 1, 0)",1.96875,1.984375,1.9765625,0.9765625,-0.10888671875,-0.08913421630859375,-0.01975250244140625,0.021338232969649856,0.0011103876982231074,0.020227845271426747,16,0.0013670239159450873,-0.018860821355481658
uniform_x,3,6,1/2,True,63,"(1, 1, 1, 1, 1, 1)",1.984375,2.0,1.9921875,0.9921875,-0.109619140625,-0.08691120147705078,-0.02270793914794922,0.02451987340452581,0.0011486860898888398,0.02337118731463697,16,0.0008884075597165178,-0.022482779754920454
