source_run,partition_kind,exponent,q,depth,layer_dependent,single_err,opt_err,free_err,improve,gap,worst_cell_index,worst_cell_bits,worst_cell_x_lo,worst_cell_x_hi,worst_cell_x_mid,worst_cell_plog_mid,n_cells,n_params,param_to_cell_ratio,gap_over_free,gap_over_opt,time
wall_surface_2026-03-18,uniform_x,1/2,1,3,False,0.04801885319811061,0.03855030560180408,0.019266709931147465,0.009468547596306533,0.019283595670656614,0,"(0, 0, 0)",1.0,1.125,1.06250000000000,0.0874628412503394,8,3,0.375,1.0008764204978169,0.500219009152399,3.2757508754730225
wall_surface_2026-03-18,geometric_x,1/2,1,3,False,0.04801885319811061,0.038007769071102336,0.014571397870416124,0.010011084127008275,0.02343637120068621,0,"(0, 0, 0)",1.0,1.0905077326652577,1.04525386633263,0.06385337983609873,8,3,0.375,1.6083818044848244,0.6166205429432875,3.2879879474639893
wall_surface_2026-03-18,harmonic_x,1/2,1,3,False,0.04801885319811061,0.035964847810087595,0.012535782363257702,0.012054005388023016,0.02342906544682989,7,"(1, 1, 1)",1.7777777777777777,2.0,1.88888888888889,0.9175378398080271,8,3,0.375,1.868975127990442,0.6514434753219891,3.354684829711914
wall_surface_2026-03-18,mirror_harmonic_x,1/2,1,3,False,0.04801885319811061,0.03836943742117616,0.030246046571444075,0.009649415776934449,0.008123390849732088,0,"(0, 0, 0)",1.0,1.2222222222222223,1.11111111111111,0.15200309344505006,8,3,0.375,0.2685769470910473,0.21171514089619603,3.2896671295166016
wall_surface_2026-03-18,uniform_x,1/2,1,3,True,0.04801885319811061,0.03290396609425293,0.019266709931147465,0.01511488710385768,0.013637256163105467,7,"(1, 1, 1)",1.875,2.0,1.93750000000000,0.9541963103868752,8,7,0.875,0.7078144743882213,0.4144563036577945,3.3883328437805176
wall_surface_2026-03-18,geometric_x,1/2,1,3,True,0.04801885319811061,0.031153241103705116,0.014571397870416124,0.016865612094405496,0.01658184323328899,0,"(0, 0, 0)",1.0,1.0905077326652577,1.04525386633263,0.06385337983609873,8,7,0.875,1.1379720312870334,0.5322670337282139,3.4496588706970215
wall_surface_2026-03-18,harmonic_x,1/2,1,3,True,0.04801885319811061,0.027693141878382274,0.012535782363257702,0.020325711319728337,0.015157359515124572,4,"(1, 0, 0)",1.3333333333333333,1.4545454545454546,1.39393939393939,0.47916783669855956,8,7,0.875,1.209127525981202,0.5473326060903425,3.4621798992156982
wall_surface_2026-03-18,mirror_harmonic_x,1/2,1,3,True,0.04801885319811061,0.03673108401871054,0.030246046571444075,0.011287769179400074,0.0064850374472664625,7,"(1, 1, 1)",1.9333333333333333,2.0,1.96666666666667,0.9757524537533229,8,7,0.875,0.21440942478046443,0.1765544802315944,3.4030678272247314
wall_surface_2026-03-18,uniform_x,1/2,1,4,False,0.04801885319811061,0.041080793032408074,0.010422740025294662,0.006938060165702538,0.03065805300711341,15,"(1, 1, 1, 1)",1.9375,2.0,1.96875000000000,0.9772799234999164,16,3,0.1875,2.9414580938131647,0.7462867862099861,7.158099174499512
wall_surface_2026-03-18,geometric_x,1/2,1,4,False,0.04801885319811061,0.03903223742957822,0.007553957776491171,0.008986615768532394,0.03147827965308705,15,"(1, 1, 1, 1)",1.9152065613971474,2.0,1.95760328069857,0.9690884243086474,16,3,0.1875,4.167124120160064,0.806468748041411,7.398355960845947
wall_surface_2026-03-18,harmonic_x,1/2,1,4,False,0.04801885319811061,0.036814085942925706,0.007685177394208464,0.011204767255184905,0.02912890854871724,8,"(1, 0, 0, 0)",1.3333333333333333,1.391304347826087,1.36231884057971,0.44606439489946814,16,3,0.1875,3.790271460834298,0.7912435635065586,7.14948582649231
wall_surface_2026-03-18,mirror_harmonic_x,1/2,1,4,False,0.04801885319811061,0.041080793032408074,0.018302927470747927,0.006938060165702538,0.022777865561660147,15,"(1, 1, 1, 1)",1.967741935483871,2.0,1.98387096774194,0.9883181949523647,16,3,0.1875,1.2444930243024865,0.5544650889210196,7.33556604385376
wall_surface_2026-03-18,uniform_x,1/2,1,4,True,0.04801885319811061,0.03268363912847789,0.010422740025294662,0.015335214069632723,0.022260899103183227,7,"(0, 1, 1, 1)",1.4375,1.5,1.46875000000000,0.5545888516776374,16,9,0.5625,2.1358010512743157,0.681102218014238,7.21849513053894
wall_surface_2026-03-18,geometric_x,1/2,1,4,True,0.04801885319811061,0.03035818276048388,0.007553957776491171,0.01766067043762673,0.02280422498399271,15,"(1, 1, 1, 1)",1.9152065613971474,2.0,1.95760328069857,0.9690884243086474,16,9,0.5625,3.0188446452483775,0.7511722675863235,7.420185089111328
wall_surface_2026-03-18,harmonic_x,1/2,1,4,True,0.04801885319811061,0.026302633694648112,0.007685177394208464,0.0217162195034625,0.01861745630043965,0,"(0, 0, 0, 0)",1.0,1.032258064516129,1.01612903225806,0.023083613113041242,16,9,0.5625,2.4225148419436264,0.7078171911061442,7.278430938720703
wall_surface_2026-03-18,mirror_harmonic_x,1/2,1,4,True,0.04801885319811061,0.03620078606822961,0.018302927470747927,0.011818067129881003,0.01789785859748168,0,"(0, 0, 0, 0)",1.0,1.1176470588235294,1.05882352941176,0.08246216019197297,16,9,0.5625,0.9778686292718127,0.4944052475476252,7.32774019241333
wall_surface_2026-03-18,uniform_x,1/2,1,5,False,0.04801885319811061,0.04199111634305641,0.005419629112361607,0.0060277368550542,0.0365714872306948,0,"(0, 0, 0, 0, 0)",1.0,1.03125,1.01562500000000,0.02236781302845451,32,3,0.09375,6.747968628937923,0.870933912114061,15.107240200042725
wall_surface_2026-03-18,geometric_x,1/2,1,5,False,0.04801885319811061,0.04126605285706291,0.003842389163193495,0.0067528003410477,0.037423663693869416,0,"(0, 0, 0, 0, 0)",1.0,1.0218971486541166,1.01094857432706,0.015709611038839808,32,3,0.09375,9.739685936123601,0.9068874075138047,15.137890815734863
wall_surface_2026-03-18,harmonic_x,1/2,1,5,False,0.04801885319811061,0.03945303926878258,0.004239617174228956,0.00856581392932803,0.03521342209455362,1,"(0, 0, 0, 0, 1)",1.0158730158730158,1.032258064516129,1.02406554019457,0.03430805077529531,32,3,0.09375,8.305802304180391,0.8925401628669055,15.213405847549438
wall_surface_2026-03-18,mirror_harmonic_x,1/2,1,5,False,0.04801885319811061,0.04235378478158993,0.010130868899735112,0.005665068416520681,0.032222915881854816,0,"(0, 0, 0, 0, 0)",1.0,1.0606060606060606,1.03030303030303,0.04306872189188593,32,3,0.09375,3.1806665549385733,0.7608036931769381,15.672950744628906
wall_surface_2026-03-18,uniform_x,1/2,1,5,True,0.04801885319811061,0.03247276504480362,0.005419629112361607,0.015546088153306992,0.02705313593244201,15,"(0, 1, 1, 1, 1)",1.46875,1.5,1.48437500000000,0.5698556083309478,32,11,0.34375,4.9916950720366895,0.8331023211332946,15.152101993560791
wall_surface_2026-03-18,geometric_x,1/2,1,5,True,0.04801885319811061,0.029849564725641077,0.003842389163193495,0.018169288472469534,0.026007175562447582,31,"(1, 1, 1, 1, 1)",1.9571441241754002,2.0,1.97857206208770,0.9844596110388398,32,11,0.34375,6.768490763916386,0.8712748678746112,14.890143871307373
wall_surface_2026-03-18,harmonic_x,1/2,1,5,True,0.04801885319811061,0.025807802933905742,0.004239617174228956,0.02221105026420487,0.021568185759676787,24,"(1, 1, 0, 0, 0)",1.6,1.641025641025641,1.62051282051282,0.6964504344274922,32,11,0.34375,5.08729559139955,0.8357234366254774,14.85111403465271
wall_surface_2026-03-18,mirror_harmonic_x,1/2,1,5,True,0.04801885319811061,0.03586962132550633,0.010130868899735112,0.012149231872604284,0.025738752425771214,7,"(0, 0, 1, 1, 1)",1.358974358974359,1.4,1.37948717948718,0.4641320488070134,32,11,0.34375,2.5406263451345414,0.7175640967101258,15.108761072158813
wall_surface_2026-03-18,uniform_x,1/2,1,6,False,0.04801885319811061,0.04436983165121844,0.0027633102183522973,0.0036490215468921727,0.04160652143286614,32,"(1, 0, 0, 0, 0, 0)",1.5,1.515625,1.50781250000000,0.5924570372680804,64,3,0.046875,15.056768203779601,0.9377209668029828,30.60099220275879
wall_surface_2026-03-18,geometric_x,1/2,1,6,False,0.04801885319811061,0.04230006320868979,0.0019372364815933578,0.005718789989420825,0.04036282672709643,40,"(1, 0, 1, 0, 0, 0)",1.5422108254079407,1.559004400237837,1.55060761282289,0.6328336530698511,64,3,0.046875,20.83526049122222,0.9542025156786199,30.371654987335205
wall_surface_2026-03-18,harmonic_x,1/2,1,6,False,0.04801885319811061,0.04371240411416954,0.002225137210319355,0.004306449083941073,0.041487266903850184,48,"(1, 1, 0, 0, 0, 0)",1.6,1.620253164556962,1.61012658227848,0.6871741122198902,64,3,0.046875,18.644812873313043,0.9490959773224171,30.557361841201782
wall_surface_2026-03-18,mirror_harmonic_x,1/2,1,6,False,0.04801885319811061,0.043623842750329864,0.005339397922687269,0.004395010447780748,0.038284444827642594,0,"(0, 0, 0, 0, 0, 0)",1.0,1.0307692307692307,1.01538461538462,0.02202630632999885,64,3,0.046875,7.170180118056156,0.8776036775749909,30.64219331741333
wall_surface_2026-03-18,uniform_x,1/2,1,6,True,0.04801885319811061,0.03235473310620089,0.0027633102183522973,0.01566412009190972,0.029591422887848596,34,"(1, 0, 0, 0, 1, 0)",1.53125,1.546875,1.53906250000000,0.6220518194563762,64,13,0.203125,10.708686520724164,0.9145933236635879,29.34972882270813
wall_surface_2026-03-18,geometric_x,1/2,1,6,True,0.04801885319811061,0.02958521459456766,0.0019372364815933578,0.01843363860354295,0.027647978112974304,34,"(1, 0, 0, 0, 1, 0)",1.4451808069770467,1.460917794180647,1.45304930057885,0.5390836530698512,64,13,0.203125,14.271865296607524,0.9345201139102413,29.53819990158081
wall_surface_2026-03-18,harmonic_x,1/2,1,6,True,0.04801885319811061,0.026040634305238963,0.002225137210319355,0.02197821889287165,0.02381549709491961,63,"(1, 1, 1, 1, 1, 1)",1.9692307692307693,2.0,1.98461538461538,0.9888594423947996,64,13,0.203125,10.7029341761363,0.9145513437100996,29.334033012390137
wall_surface_2026-03-18,mirror_harmonic_x,1/2,1,6,True,0.04801885319811061,0.03570952614923379,0.005339397922687269,0.012309327048876821,0.03037012822654652,63,"(1, 1, 1, 1, 1, 1)",1.9921259842519685,2.0,1.99606299212598,0.9971572502311746,64,13,0.203125,5.687931236123627,0.8504769315511672,30.011991024017334
wall_surface_2026-03-18,uniform_x,1/2,1,7,False,0.04801885319811061,0.04580368961312479,0.0013952675075605118,0.002215163584985823,0.044408422105564276,0,"(0, 0, 0, 0, 0, 0, 0)",1.0,1.0078125,1.00390625000000,0.005624549193878107,128,3,0.0234375,31.827890970677043,0.969538097927362,61.052897214889526
wall_surface_2026-03-18,geometric_x,1/2,1,7,False,0.04801885319811061,0.044830973906115686,0.0009728009170741604,0.003187879291994926,0.04385817298904152,1,"(0, 0, 0, 0, 0, 0, 1)",1.0054299011128027,1.0108892860517005,1.00815959358225,0.011724038286847142,128,3,0.0234375,45.08442808725071,0.9783006963196609,61.07925510406494
wall_surface_2026-03-18,harmonic_x,1/2,1,7,False,0.04801885319811061,0.0462620826295112,0.0011399378286217766,0.0017567705685994084,0.04512214480088943,1,"(0, 0, 0, 0, 0, 0, 1)",1.003921568627451,1.0078740157480315,1.00589779218774,0.008483722444671484,128,3,0.0234375,39.58298748225912,0.9753591329263981,60.87710189819336
wall_surface_2026-03-18,mirror_harmonic_x,1/2,1,7,False,0.04801885319811061,0.045468280120467025,0.0027425439601261184,0.0025505730776435864,0.04272573616034091,64,"(1, 0, 0, 0, 0, 0, 0)",1.6666666666666667,1.6735751295336787,1.67012089810017,0.7399525414876046,128,3,0.0234375,15.578870122605482,0.9396822586458116,60.815739154815674
wall_surface_2026-03-18,uniform_x,1/2,1,7,True,0.04801885319811061,0.03220755824744427,0.0013952675075605118,0.01581129495066634,0.030812290739883758,64,"(1, 0, 0, 0, 0, 0, 0)",1.5,1.5078125,1.50390625000000,0.5887146355822637,128,15,0.1171875,22.083428857134372,0.9566788796331299,58.42146706581116
wall_surface_2026-03-18,geometric_x,1/2,1,7,True,0.04801885319811061,0.029342511166140447,0.0009728009170741604,0.018676342031970165,0.028369710249066288,96,"(1, 1, 0, 0, 0, 0, 0)",1.681792830507429,1.6909247992693053,1.68635881488837,0.7539115382868473,128,15,0.1171875,29.162914786709184,0.9668467053972969,58.287089109420776
wall_surface_2026-03-18,harmonic_x,1/2,1,7,True,0.04801885319811061,0.025588537260549965,0.0011399378286217766,0.022430315937560646,0.02444859943192819,96,"(1, 1, 0, 0, 0, 0, 0)",1.6,1.610062893081761,1.60503144654088,0.6826015635931517,128,15,0.1171875,21.447309509403134,0.9554512312675556,58.18543195724487
wall_surface_2026-03-18,mirror_harmonic_x,1/2,1,7,True,0.04801885319811061,0.03547862610276203,0.0027425439601261184,0.012540227095348584,0.03273608214263591,0,"(0, 0, 0, 0, 0, 0, 0)",1.0,1.0155038759689923,1.00775193798450,0.011140557605200408,128,15,0.1171875,11.936392859544359,0.9226986988678062,59.23555898666382
wall_surface_2026-03-18,uniform_x,1/2,2,3,False,0.04801885319811061,0.02274767606204733,0.019266709931147465,0.02527117713606328,0.003480966130899866,7,"(1, 1, 1)",1.875,2.0,1.93750000000000,0.9541963103868752,8,5,0.625,0.18067257686131316,0.15302513194776754,3.639943838119507
wall_surface_2026-03-18,geometric_x,1/2,2,3,False,0.04801885319811061,0.021110823638426424,0.014571397870416124,0.026908029559684188,0.006539425768010299,0,"(0, 0, 0)",1.0,1.0905077326652577,1.04525386633263,0.06385337983609873,8,5,0.625,0.44878506689376046,0.30976649135124606,3.6341049671173096
wall_surface_2026-03-18,harmonic_x,1/2,2,3,False,0.04801885319811061,0.023310959080605067,0.012535782363257702,0.024707894117505545,0.010775176717347365,4,"(1, 0, 0)",1.3333333333333333,1.4545454545454546,1.39393939393939,0.47916783669855956,8,5,0.625,0.8595535886877981,0.46223652489323835,3.7496278285980225
wall_surface_2026-03-18,mirror_harmonic_x,1/2,2,3,False,0.04801885319811061,0.030433602709489953,0.030246046571444075,0.017585250488620658,0.00018755613804587873,0,"(0, 0, 0)",1.0,1.2222222222222223,1.11111111111111,0.15200309344505006,8,5,0.625,0.006201013332531016,0.006162797741569849,3.727158784866333
wall_surface_2026-03-18,uniform_x,1/2,2,3,True,0.04801885319811061,0.019462216898159437,0.019266709931147465,0.028556636299951175,0.00019550696701197204,7,"(1, 1, 1)",1.875,2.0,1.93750000000000,0.9541963103868752,8,13,1.625,0.010147397646544019,0.010045462345580033,3.609694004058838
wall_surface_2026-03-18,geometric_x,1/2,2,3,True,0.04801885319811061,0.015929950078506377,0.014571397870416124,0.03208890311960423,0.0013585522080902523,1,"(0, 0, 1)",1.0905077326652577,1.189207115002721,1.13985742383399,0.18885337983609857,8,13,1.625,0.09323417150309789,0.08528289174762015,3.5036680698394775
wall_surface_2026-03-18,harmonic_x,1/2,2,3,True,0.04801885319811061,0.016941235851014168,0.012535782363257702,0.031077617347096444,0.004405453487756466,1,"(0, 0, 1)",1.0666666666666667,1.1428571428571428,1.10476190476190,0.14373547746144957,8,13,1.625,0.35143027854957193,0.26004321800954905,3.569474220275879
wall_surface_2026-03-18,mirror_harmonic_x,1/2,2,3,True,0.04801885319811061,0.030433602709489953,0.030246046571444075,0.017585250488620658,0.00018755613804587873,0,"(0, 0, 0)",1.0,1.2222222222222223,1.11111111111111,0.15200309344505006,8,13,1.625,0.006201013332531016,0.006162797741569849,3.7538399696350098
wall_surface_2026-03-18,uniform_x,1/2,2,4,False,0.04801885319811061,0.027825719899582053,0.010422740025294662,0.020193133298528558,0.01740297987428739,7,"(0, 1, 1, 1)",1.4375,1.5,1.46875000000000,0.5545888516776374,16,5,0.3125,1.6697125546691731,0.6254278393188594,7.393903017044067
wall_surface_2026-03-18,geometric_x,1/2,2,4,False,0.04801885319811061,0.031006330819390738,0.007553957776491171,0.017012522378719874,0.023452373042899568,8,"(1, 0, 0, 0)",1.4142135623730951,1.4768261459394993,1.44551985415630,0.5315884243086474,16,5,0.3125,3.1046470918709907,0.7563736960528372,7.742846965789795
wall_surface_2026-03-18,harmonic_x,1/2,2,4,False,0.04801885319811061,0.03133634476818444,0.007685177394208464,0.01668250842992617,0.023651167373975976,8,"(1, 0, 0, 0)",1.3333333333333333,1.391304347826087,1.36231884057971,0.44606439489946814,16,5,0.3125,3.0775044167229573,0.7547519517333378,7.543153762817383
wall_surface_2026-03-18,mirror_harmonic_x,1/2,2,4,False,0.04801885319811061,0.028815727595323165,0.018302927470747927,0.019203125602787446,0.010512800124575238,0,"(0, 0, 0, 0)",1.0,1.1176470588235294,1.05882352941176,0.08246216019197297,16,5,0.3125,0.5743780682831743,0.36482855030464273,7.730240821838379
wall_surface_2026-03-18,uniform_x,1/2,2,4,True,0.04801885319811061,0.019462216898159437,0.010422740025294662,0.028556636299951175,0.009039476872864775,15,"(1, 1, 1, 1)",1.9375,2.0,1.96875000000000,0.9772799234999164,16,17,1.0625,0.8672841163578019,0.46446285745174526,7.43425989151001
wall_surface_2026-03-18,geometric_x,1/2,2,4,True,0.04801885319811061,0.015876367187616824,0.007553957776491171,0.032142486010493784,0.008322409411125654,5,"(0, 1, 0, 1)",1.241857812073484,1.2968395546510096,1.26934868336225,0.3440884243086471,16,17,1.0625,1.1017283465663519,0.5242011168409438,7.381501913070679
wall_surface_2026-03-18,harmonic_x,1/2,2,4,True,0.04801885319811061,0.01700642530568987,0.007685177394208464,0.03101242789242074,0.009321247911481407,0,"(0, 0, 0, 0)",1.0,1.032258064516129,1.01612903225806,0.023083613113041242,16,17,1.0625,1.2128864999922946,0.5481015406784387,7.5211098194122314
wall_surface_2026-03-18,mirror_harmonic_x,1/2,2,4,True,0.04801885319811061,0.026898369120716806,0.018302927470747927,0.021120484077393805,0.00859544164996888,3,"(0, 0, 1, 1)",1.3157894736842106,1.4,1.35789473684211,0.4413716470923063,16,17,1.0625,0.4696211392252016,0.31955252050388333,7.53498387336731
wall_surface_2026-03-18,uniform_x,1/2,2,5,False,0.04801885319811061,0.03655078118969824,0.005419629112361607,0.01146807200841237,0.031131152077336632,16,"(1, 0, 0, 0, 0)",1.5,1.53125,1.51562500000000,0.5999128421871277,32,5,0.15625,5.744148064731908,0.8517233028691295,15.370718955993652
wall_surface_2026-03-18,geometric_x,1/2,2,5,False,0.04801885319811061,0.037170118513135404,0.003842389163193495,0.010848734684975207,0.03332772934994191,16,"(1, 0, 0, 0, 0)",1.4142135623730951,1.4451808069770467,1.42969718467507,0.5157096110388398,32,5,0.15625,8.673699600548137,0.89662693268423,15.210174083709717
wall_surface_2026-03-18,harmonic_x,1/2,2,5,False,0.04801885319811061,0.03570952614923379,0.004239617174228956,0.012309327048876821,0.03146990897500483,31,"(1, 1, 1, 1, 1)",1.9393939393939394,2.0,1.96969696969697,0.9779736936700011,32,5,0.15625,7.422818542744523,0.8812748968857452,15.41032099723816
wall_surface_2026-03-18,mirror_harmonic_x,1/2,2,5,False,0.04801885319811061,0.03218913608508281,0.010130868899735112,0.015829717113027802,0.022058267185347695,16,"(1, 0, 0, 0, 0)",1.6666666666666667,1.6938775510204083,1.68027210884354,0.7486948867483133,32,5,0.15625,2.1773322114477707,0.6852705560982734,14.791762113571167
wall_surface_2026-03-18,uniform_x,1/2,2,5,True,0.04801885319811061,0.019146393620264688,0.005419629112361607,0.028872459577845924,0.013726764507903081,0,"(0, 0, 0, 0, 0)",1.0,1.03125,1.01562500000000,0.02236781302845451,32,21,0.65625,2.532786695051469,0.7169373397491718,15.085660934448242
wall_surface_2026-03-18,geometric_x,1/2,2,5,True,0.04801885319811061,0.016097107583690512,0.003842389163193495,0.0319217456144201,0.012254718420497017,28,"(1, 1, 1, 0, 0)",1.8340080864093424,1.8741676341103,1.85408786025982,0.8907096110388398,32,21,0.65625,3.1893485797549586,0.7612994046777336,14.368413925170898
wall_surface_2026-03-18,harmonic_x,1/2,2,5,True,0.04801885319811061,0.017192043273332278,0.004239617174228956,0.030826809924778334,0.012952426099103322,31,"(1, 1, 1, 1, 1)",1.9393939393939394,2.0,1.96969696969697,0.9779736936700011,32,21,0.65625,3.0550933178203605,0.7533965505539817,14.931496143341064
wall_surface_2026-03-18,mirror_harmonic_x,1/2,2,5,True,0.04801885319811061,0.02681864125450038,0.010130868899735112,0.02120021194361023,0.01668777235476527,23,"(1, 0, 1, 1, 1)",1.8363636363636364,1.8571428571428572,1.84675324675325,0.8849911140371516,32,21,0.65625,1.6472202453633171,0.6222452583038647,15.177316904067993
wall_surface_2026-03-18,uniform_x,1/2,2,6,False,0.04801885319811061,0.04162853905014801,0.0027633102183522973,0.006390314147962602,0.03886522883179571,0,"(0, 0, 0, 0, 0, 0)",1.0,1.015625,1.00781250000000,0.01122725542325412,64,5,0.078125,14.064736045079373,0.9336198127197434,26.425627946853638
wall_surface_2026-03-18,geometric_x,1/2,2,6,False,0.04801885319811061,0.04043235777067417,0.0019372364815933578,0.007586495427436439,0.038495121289080815,32,"(1, 0, 0, 0, 0, 0)",1.4142135623730951,1.42961333839197,1.42191345038253,0.5078336530698513,64,5,0.078125,19.871152363091447,0.9520869771537676,26.046788215637207
wall_surface_2026-03-18,harmonic_x,1/2,2,6,False,0.04801885319811061,0.03945824587873058,0.002225137210319355,0.008560607319380034,0.03723310866841122,5,"(0, 0, 0, 1, 0, 1)",1.0406504065040652,1.0491803278688525,1.04491536718646,0.06338609610044453,64,5,0.078125,16.732949543847443,0.9436078021015429,25.834148645401
wall_surface_2026-03-18,mirror_harmonic_x,1/2,2,6,False,0.04801885319811061,0.03729393143298228,0.005339397922687269,0.010724921765128334,0.03195453351029501,32,"(1, 0, 0, 0, 0, 0)",1.6666666666666667,1.6804123711340206,1.67353951890034,0.7429026191740583,64,5,0.078125,5.984669802285984,0.8568293092863583,25.561942100524902
wall_surface_2026-03-18,uniform_x,1/2,2,6,True,0.04801885319811061,0.019077204754298742,0.0027633102183522973,0.02894164844381187,0.016313894535946446,48,"(1, 1, 0, 0, 0, 0)",1.75,1.765625,1.75781250000000,0.8137811912170371,64,25,0.390625,5.903750663823069,0.8551511998774544,25.00296401977539
wall_surface_2026-03-18,geometric_x,1/2,2,6,True,0.04801885319811061,0.016097107583690512,0.0019372364815933578,0.0319217456144201,0.014159871102097155,56,"(1, 1, 1, 0, 0, 0)",1.8340080864093424,1.8539791250833855,1.84399360574636,0.8828336530698512,64,25,0.390625,7.309314705064196,0.8796531319976917,24.37051796913147
wall_surface_2026-03-18,harmonic_x,1/2,2,6,True,0.04801885319811061,0.016940022128331365,0.002225137210319355,0.031078831069779246,0.014714884918012011,63,"(1, 1, 1, 1, 1, 1)",1.9692307692307693,2.0,1.98461538461538,0.9888594423947996,64,25,0.390625,6.613023614799965,0.868646145001315,24.67026686668396
wall_surface_2026-03-18,mirror_harmonic_x,1/2,2,6,True,0.04801885319811061,0.027063162877977054,0.005339397922687269,0.020955690320133558,0.021723764955289784,47,"(1, 0, 1, 1, 1, 1)",1.8468468468468469,1.8571428571428572,1.85199485199485,0.8890800883325878,64,25,0.390625,4.068579504626323,0.8027060640782581,24.942230939865112
wall_surface_2026-03-18,uniform_x,1/2,2,7,False,0.04801885319811061,0.04435009247162612,0.0013952675075605118,0.0036687607264844907,0.04295482496406561,0,"(0, 0, 0, 0, 0, 0, 0)",1.0,1.0078125,1.00390625000000,0.005624549193878107,128,5,0.0390625,30.78608562967821,0.9685396933850101,52.57339692115784
wall_surface_2026-03-18,geometric_x,1/2,2,7,False,0.04801885319811061,0.04241333162486698,0.0009728009170741604,0.005605521573243628,0.04144053070779282,64,"(1, 0, 0, 0, 0, 0, 0)",1.4142135623730951,1.4218926021691656,1.41805308227113,0.5039115382868472,128,5,0.0390625,42.59918959824916,0.9770637938637244,53.09489583969116
wall_surface_2026-03-18,harmonic_x,1/2,2,7,False,0.04801885319811061,0.04369284819736065,0.0011399378286217766,0.004326005000749963,0.04255291036873887,96,"(1, 1, 0, 0, 0, 0, 0)",1.6,1.610062893081761,1.60503144654088,0.6826015635931517,128,5,0.0390625,37.329150152150646,0.9739101963902038,52.1989381313324
wall_surface_2026-03-18,mirror_harmonic_x,1/2,2,7,False,0.04801885319811061,0.04235378478158993,0.0027425439601261184,0.005665068416520681,0.03961124082146381,0,"(0, 0, 0, 0, 0, 0, 0)",1.0,1.0155038759689923,1.00775193798450,0.011140557605200408,128,5,0.0390625,14.443247363532599,0.9352467796144105,52.27567672729492
wall_surface_2026-03-18,uniform_x,1/2,2,7,True,0.04801885319811061,0.018967012259652465,0.0013952675075605118,0.029051840938458147,0.01757174475209195,91,"(1, 0, 1, 1, 0, 1, 1)",1.7109375,1.71875,1.71484375000000,0.7780771295353582,128,29,0.2265625,12.593817785389714,0.9264371484311953,49.875012159347534
wall_surface_2026-03-18,geometric_x,1/2,2,7,True,0.04801885319811061,0.015937630313563354,0.0009728009170741604,0.03208122288454726,0.014964829396489193,0,"(0, 0, 0, 0, 0, 0, 0)",1.0,1.0054299011128027,1.00271495055640,0.0039115382868469715,128,29,0.2265625,15.383239400614551,0.938962010164944,50.19165372848511
wall_surface_2026-03-18,harmonic_x,1/2,2,7,True,0.04801885319811061,0.017027517091475784,0.0011399378286217766,0.030991336106634827,0.01588757926285401,79,"(1, 0, 0, 1, 1, 1, 1)",1.4463276836158192,1.4545454545454546,1.45043656908064,0.5364872045508856,128,29,0.2265625,13.937233122671811,0.9330531972161434,50.895647287368774
wall_surface_2026-03-18,mirror_harmonic_x,1/2,2,7,True,0.04801885319811061,0.02699710004795211,0.0027425439601261184,0.0210217531501585,0.024254556087825993,91,"(1, 0, 1, 1, 0, 1, 1)",1.8310502283105023,1.8363636363636364,1.83370693233707,0.8747630821994797,128,29,0.2265625,8.843816704659357,0.8984133867987738,51.084583044052124
wall_surface_2026-03-18,uniform_x,1/2,3,3,False,0.04801885319811061,0.025026615608853737,0.019266709931147465,0.022992237589256875,0.005759905677706272,7,"(1, 1, 1)",1.875,2.0,1.93750000000000,0.9541963103868752,8,7,0.875,0.29895637077062853,0.2301512025328976,3.1583499908447266
wall_surface_2026-03-18,geometric_x,1/2,3,3,False,0.04801885319811061,0.022004631387038523,0.014571397870416124,0.02601422181107209,0.0074332335166223985,0,"(0, 0, 0)",1.0,1.0905077326652577,1.04525386633263,0.06385337983609873,8,7,0.875,0.510124943586495,0.3378031372523162,3.2374508380889893
wall_surface_2026-03-18,harmonic_x,1/2,3,3,False,0.04801885319811061,0.019234349564168456,0.012535782363257702,0.028784503633942155,0.006698567200910754,2,"(0, 1, 0)",1.1428571428571428,1.2307692307692308,1.18681318681319,0.2470928619647723,8,7,0.875,0.5343557351908256,0.3482606562058886,3.146981954574585
wall_surface_2026-03-18,mirror_harmonic_x,1/2,3,3,False,0.04801885319811061,0.03097329784922937,0.030246046571444075,0.01704555534888124,0.0007272512777852964,0,"(0, 0, 0)",1.0,1.2222222222222223,1.11111111111111,0.15200309344505006,8,7,0.875,0.024044506976059133,0.02347994331521888,3.230457067489624
wall_surface_2026-03-18,uniform_x,1/2,3,3,True,0.04801885319811061,0.024537782649870787,0.019266709931147465,0.023481070548239825,0.005271072718723322,2,"(0, 1, 0)",1.25,1.375,1.31250000000000,0.3923174227787603,8,19,2.375,0.27358447485638737,0.2148145492172692,3.159860134124756
wall_surface_2026-03-18,geometric_x,1/2,3,3,True,0.04801885319811061,0.021938522550775812,0.014571397870416124,0.0260803306473348,0.007367124680359688,6,"(1, 1, 0)",1.681792830507429,1.8340080864093424,1.75790045845839,0.8138533798360985,8,19,2.375,0.5055880531075843,0.33580769458420817,3.1531660556793213
wall_surface_2026-03-18,harmonic_x,1/2,3,3,True,0.04801885319811061,0.01922014925816906,0.012535782363257702,0.02879870393994155,0.006684366894911359,6,"(1, 1, 0)",1.6,1.7777777777777777,1.68888888888889,0.7560744171139108,8,19,2.375,0.5332229533996374,0.34777913558971607,3.1141130924224854
wall_surface_2026-03-18,mirror_harmonic_x,1/2,3,3,True,0.04801885319811061,0.030433602709489953,0.030246046571444075,0.017585250488620658,0.00018755613804587873,0,"(0, 0, 0)",1.0,1.2222222222222223,1.11111111111111,0.15200309344505006,8,19,2.375,0.006201013332531016,0.006162797741569849,3.1662659645080566
wall_surface_2026-03-18,uniform_x,1/2,3,4,False,0.04801885319811061,0.03187323864373392,0.010422740025294662,0.016145614554376693,0.021450498618439257,0,"(0, 0, 0, 0)",1.0,1.0625,1.03125000000000,0.044394119358453436,16,7,0.4375,2.058047938102805,0.6729940078635935,6.4618330001831055
wall_surface_2026-03-18,geometric_x,1/2,3,4,False,0.04801885319811061,0.033031134833803946,0.007553957776491171,0.014987718364306665,0.025477177057312776,11,"(1, 0, 1, 1)",1.6104903319492543,1.681792830507429,1.64614158122834,0.7190884243086472,16,7,0.4375,3.372692542259215,0.7713079549189307,6.344175815582275
wall_surface_2026-03-18,harmonic_x,1/2,3,4,False,0.04801885319811061,0.03349626844110273,0.007685177394208464,0.014522584757007878,0.025811091046894268,1,"(0, 0, 0, 1)",1.032258064516129,1.0666666666666667,1.04946236559140,0.06965043156749236,16,7,0.4375,3.3585550108895936,0.7705661629825575,6.362000942230225
wall_surface_2026-03-18,mirror_harmonic_x,1/2,3,4,False,0.04801885319811061,0.03349454809425883,0.018302927470747927,0.014524305103851783,0.015191620623510902,0,"(0, 0, 0, 0)",1.0,1.1176470588235294,1.05882352941176,0.08246216019197297,16,7,0.4375,0.8300104258070425,0.4535550257540223,6.307556867599487
wall_surface_2026-03-18,uniform_x,1/2,3,4,True,0.04801885319811061,0.024510243054245925,0.010422740025294662,0.023508610143864687,0.014087503028951263,0,"(0, 0, 0, 0)",1.0,1.0625,1.03125000000000,0.044394119358453436,16,25,1.5625,1.3516122434947708,0.5747598258317098,6.36646294593811
wall_surface_2026-03-18,geometric_x,1/2,3,4,True,0.04801885319811061,0.021838262465232617,0.007553957776491171,0.026180590732877995,0.014284304688741447,7,"(0, 1, 1, 1)",1.3542555469368927,1.4142135623730951,1.38423455465499,0.4690884243086473,16,25,1.5625,1.8909696229962958,0.6540952931343612,6.3411030769348145
wall_surface_2026-03-18,harmonic_x,1/2,3,4,True,0.04801885319811061,0.01922014925816906,0.007685177394208464,0.02879870393994155,0.011534971863960597,12,"(1, 1, 0, 0)",1.6,1.6842105263157894,1.64210526315789,0.7155466105313005,16,25,1.5625,1.500937619560133,0.600149962886367,6.306014060974121
wall_surface_2026-03-18,mirror_harmonic_x,1/2,3,4,True,0.04801885319811061,0.02832478560795559,0.018302927470747927,0.01969406759015502,0.010021858137207663,15,"(1, 1, 1, 1)",1.967741935483871,2.0,1.98387096774194,0.9883181949523647,16,25,1.5625,0.5475549282061452,0.3538193819335678,6.364506006240845
wall_surface_2026-03-18,uniform_x,1/2,3,5,False,0.04801885319811061,0.03127055592813419,0.005419629112361607,0.01674829726997642,0.025850926815772585,2,"(0, 0, 0, 1, 0)",1.0625,1.09375,1.07812500000000,0.10852445677816905,32,7,0.21875,4.769870092551043,0.8266858726523133,12.58427906036377
wall_surface_2026-03-18,geometric_x,1/2,3,5,False,0.04801885319811061,0.03620078606822961,0.003842389163193495,0.011818067129881003,0.03235839690503611,0,"(0, 0, 0, 0, 0)",1.0,1.0218971486541166,1.01094857432706,0.015709611038839808,32,7,0.21875,8.421426235270332,0.8938589577598803,12.78319001197815
wall_surface_2026-03-18,harmonic_x,1/2,3,5,False,0.04801885319811061,0.03951902025769396,0.004239617174228956,0.008499832940416653,0.035279403083465,23,"(1, 0, 1, 1, 1)",1.5609756097560976,1.6,1.58048780487805,0.6603699033791788,32,7,0.21875,8.321365263334451,0.892719577899871,12.829467058181763
wall_surface_2026-03-18,mirror_harmonic_x,1/2,3,5,False,0.04801885319811061,0.03349454809425883,0.010130868899735112,0.014524305103851783,0.023363679194523715,0,"(0, 0, 0, 0, 0)",1.0,1.0606060606060606,1.03030303030303,0.04306872189188593,32,7,0.21875,2.306187102582543,0.6975367790834113,12.492653131484985
wall_surface_2026-03-18,uniform_x,1/2,3,5,True,0.04801885319811061,0.02451987340452581,0.005419629112361607,0.023498979793584802,0.019100244292164205,31,"(1, 1, 1, 1, 1)",1.96875,2.0,1.98437500000000,0.9886846867721658,32,31,0.96875,3.524271476178794,0.7789699390796502,12.489906787872314
wall_surface_2026-03-18,geometric_x,1/2,3,5,True,0.04801885319811061,0.021864397758092666,0.003842389163193495,0.026154455440017946,0.01802200859489917,18,"(1, 0, 0, 1, 0)",1.4768261459394993,1.5091644275934228,1.49299528676646,0.5782096110388399,32,31,0.96875,4.690313195637029,0.8242627487065673,12.436616897583008
wall_surface_2026-03-18,harmonic_x,1/2,3,5,True,0.04801885319811061,0.01922014925816906,0.004239617174228956,0.02879870393994155,0.014980532083940106,24,"(1, 1, 0, 0, 0)",1.6,1.641025641025641,1.62051282051282,0.6964504344274922,32,31,0.96875,3.5334633926386436,0.7794180931021122,12.52565312385559
wall_surface_2026-03-18,mirror_harmonic_x,1/2,3,5,True,0.04801885319811061,0.028276838823239548,0.010130868899735112,0.019742014374871063,0.018145969923504437,0,"(0, 0, 0, 0, 0)",1.0,1.0606060606060606,1.03030303030303,0.04306872189188593,32,31,0.96875,1.791156326579144,0.6417255492007482,12.668895959854126
wall_surface_2026-03-18,uniform_x,1/2,3,6,False,0.04801885319811061,0.03877637238662877,0.0027633102183522973,0.009242480811481844,0.03601306216827647,63,"(1, 1, 1, 1, 1, 1)",1.984375,2.0,1.99218750000000,0.9943534368588579,64,7,0.109375,13.032580247088683,0.9287372683860141,26.175451040267944
wall_surface_2026-03-18,geometric_x,1/2,3,6,False,0.04801885319811061,0.04169864852105633,0.0019372364815933578,0.006320204677054284,0.03976141203946297,3,"(0, 0, 0, 0, 1, 1)",1.0330248790212284,1.0442737824274138,1.03864933072432,0.0547086530698513,64,7,0.109375,20.524810686385383,0.9535419839658563,26.60662579536438
wall_surface_2026-03-18,harmonic_x,1/2,3,6,False,0.04801885319811061,0.043722628601888566,0.002225137210319355,0.004296224596222045,0.04149749139156921,44,"(1, 0, 1, 1, 0, 0)",1.5238095238095237,1.5421686746987953,1.53298909925416,0.6163474383483671,64,7,0.109375,18.64940786533044,0.9491078811710959,28.61483383178711
wall_surface_2026-03-18,mirror_harmonic_x,1/2,3,6,False,0.04801885319811061,0.03840128344402388,0.005339397922687269,0.00961756975408673,0.03306188552133661,32,"(1, 0, 0, 0, 0, 0)",1.6666666666666667,1.6804123711340206,1.67353951890034,0.7429026191740583,64,7,0.109375,6.192062475968616,0.8609578263062403,26.051074028015137
wall_surface_2026-03-18,uniform_x,1/2,3,6,True,0.04801885319811061,0.02451987340452581,0.0027633102183522973,0.023498979793584802,0.021756563186173514,63,"(1, 1, 1, 1, 1, 1)",1.984375,2.0,1.99218750000000,0.9943534368588579,64,37,0.578125,7.873369787322137,0.8873032428527037,26.553030967712402
wall_surface_2026-03-18,geometric_x,1/2,3,6,True,0.04801885319811061,0.02191493285384739,0.0019372364815933578,0.02610392034426322,0.019977696372254033,41,"(1, 0, 1, 0, 0, 1)",1.559004400237837,1.5759808451078865,1.56749262267286,0.6484586530698513,64,37,0.578125,10.312471689477258,0.9116019887209804,25.76683497428894
wall_surface_2026-03-18,harmonic_x,1/2,3,6,True,0.04801885319811061,0.01940107115866117,0.002225137210319355,0.02861778203944944,0.017175933948341816,33,"(1, 0, 0, 0, 0, 1)",1.3473684210526315,1.3617021276595744,1.35453527435610,0.4377979642124874,64,37,0.578125,7.719044861002841,0.8853085382697546,25.440886974334717
wall_surface_2026-03-18,mirror_harmonic_x,1/2,3,6,True,0.04801885319811061,0.02819441875521427,0.005339397922687269,0.019824434442896343,0.022855020832527,24,"(0, 1, 1, 0, 0, 0)",1.5454545454545454,1.5617977528089888,1.55362614913177,0.6356393881208017,64,37,0.578125,4.280449062508584,0.8106221671372529,25.777190923690796
wall_surface_2026-03-18,uniform_x,1/2,3,7,False,0.04801885319811061,0.042737386383753295,0.0013952675075605118,0.005281466814357316,0.04134211887619278,1,"(0, 0, 0, 0, 0, 0, 1)",1.0078125,1.015625,1.01171875000000,0.01680828768655389,128,7,0.0546875,29.63024556378828,0.9673525307553452,52.78462195396423
wall_surface_2026-03-18,geometric_x,1/2,3,7,False,0.04801885319811061,0.04489501978344528,0.0009728009170741604,0.0031238334146653293,0.04392221886637112,0,"(0, 0, 0, 0, 0, 0, 0)",1.0,1.0054299011128027,1.00271495055640,0.0039115382868469715,128,7,0.0546875,45.1502646589536,0.9783316518899747,51.941917181015015
wall_surface_2026-03-18,harmonic_x,1/2,3,7,False,0.04801885319811061,0.046349166350692056,0.0011399378286217766,0.0016696868474185556,0.04520922852207028,0,"(0, 0, 0, 0, 0, 0, 0)",1.0,1.003921568627451,1.00196078431373,0.0028260440787633897,128,7,0.0546875,39.659380877578,0.9754054297331551,51.56630992889404
wall_surface_2026-03-18,mirror_harmonic_x,1/2,3,7,False,0.04801885319811061,0.03959807616868948,0.0027425439601261184,0.00842077702942113,0.036855532208563364,48,"(0, 1, 1, 0, 0, 0, 0)",1.5454545454545454,1.5536723163841808,1.54956343091936,0.6318618124264075,128,7,0.0546875,13.438447202453785,0.9307404746522845,51.64781904220581
wall_surface_2026-03-18,uniform_x,1/2,3,7,True,0.04801885319811061,0.02462952280937557,0.0013952675075605118,0.02338933038873504,0.023234255301815058,74,"(1, 0, 0, 1, 0, 1, 0)",1.578125,1.5859375,1.58203125000000,0.661778097771987,128,43,0.3359375,16.652186893134115,0.9433497953509118,51.399991035461426
wall_surface_2026-03-18,geometric_x,1/2,3,7,True,0.04801885319811061,0.021844448046094818,0.0009728009170741604,0.026174405152015794,0.02087164712902066,77,"(1, 0, 0, 1, 1, 0, 1)",1.5173590411982147,1.5255981507445384,1.52147859597138,0.6054740382868473,128,43,0.3359375,21.455209141655786,0.9554669033055257,51.229982137680054
wall_surface_2026-03-18,harmonic_x,1/2,3,7,True,0.04801885319811061,0.01922014925816906,0.0011399378286217766,0.02879870393994155,0.018080211429547285,96,"(1, 1, 0, 0, 0, 0, 0)",1.6,1.610062893081761,1.60503144654088,0.6826015635931517,128,43,0.3359375,15.860699571139659,0.9406904799067951,51.869673013687134
wall_surface_2026-03-18,mirror_harmonic_x,1/2,3,7,True,0.04801885319811061,0.028155103698797916,0.0027425439601261184,0.019863749499312695,0.0254125597386718,72,"(1, 0, 0, 1, 0, 0, 0)",1.72,1.7263681592039801,1.72318407960199,0.7850768260803206,128,43,0.3359375,9.266053747230794,0.902591587320518,52.54029703140259
wall_surface_2026-03-18,uniform_x,1/2,5,3,False,0.04801885319811061,0.019390541347960057,0.019266709931147465,0.028628311850150554,0.00012383141681259272,0,"(0, 0, 0)",1.0,1.125,1.06250000000000,0.0874628412503394,8,11,1.375,0.006427221734023257,0.006386176362508835,3.206912040710449
wall_surface_2026-03-18,geometric_x,1/2,5,3,False,0.04801885319811061,0.014811752836464818,0.014571397870416124,0.03320710036164579,0.00024035496604869408,0,"(0, 0, 0)",1.0,1.0905077326652577,1.04525386633263,0.06385337983609873,8,11,1.375,0.01649498340421269,0.016227314126992992,3.239413022994995
wall_surface_2026-03-18,harmonic_x,1/2,5,3,False,0.04801885319811061,0.012883146613235967,0.012535782363257702,0.035135706584874644,0.00034736424997826483,7,"(1, 1, 1)",1.7777777777777777,2.0,1.88888888888889,0.9175378398080271,8,11,1.375,0.027709818175879253,0.026962687020994358,3.1363327503204346
wall_surface_2026-03-18,mirror_harmonic_x,1/2,5,3,False,0.04801885319811061,0.030433602709489953,0.030246046571444075,0.017585250488620658,0.00018755613804587873,0,"(0, 0, 0)",1.0,1.2222222222222223,1.11111111111111,0.15200309344505006,8,11,1.375,0.006201013332531016,0.006162797741569849,3.2869107723236084
wall_surface_2026-03-18,uniform_x,1/2,5,3,True,0.04801885319811061,0.019453210385793538,0.019266709931147465,0.028565642812317073,0.00018650045464607343,2,"(0, 1, 0)",1.25,1.375,1.31250000000000,0.3923174227787603,8,31,3.875,0.009679932656512779,0.009587129884858112,3.29809832572937
wall_surface_2026-03-18,geometric_x,1/2,5,3,True,0.04801885319811061,0.014811752836464818,0.014571397870416124,0.03320710036164579,0.00024035496604869408,0,"(0, 0, 0)",1.0,1.0905077326652577,1.04525386633263,0.06385337983609873,8,31,3.875,0.01649498340421269,0.016227314126992992,3.2077667713165283
wall_surface_2026-03-18,harmonic_x,1/2,5,3,True,0.04801885319811061,0.012841835777493317,0.012535782363257702,0.035177017420617296,0.00030605341423561513,1,"(0, 0, 1)",1.0666666666666667,1.1428571428571428,1.10476190476190,0.14373547746144957,8,31,3.875,0.024414384788033313,0.02383252827232118,3.149639844894409
wall_surface_2026-03-18,mirror_harmonic_x,1/2,5,3,True,0.04801885319811061,0.030433602709489953,0.030246046571444075,0.017585250488620658,0.00018755613804587873,0,"(0, 0, 0)",1.0,1.2222222222222223,1.11111111111111,0.15200309344505006,8,31,3.875,0.006201013332531016,0.006162797741569849,3.3952889442443848
wall_surface_2026-03-18,uniform_x,1/2,5,4,False,0.04801885319811061,0.022004631387038523,0.010422740025294662,0.02601422181107209,0.011581891361743861,0,"(0, 0, 0, 0)",1.0,1.0625,1.03125000000000,0.044394119358453436,16,11,0.6875,1.111213686001578,0.5263388037740996,6.930114030838013
wall_surface_2026-03-18,geometric_x,1/2,5,4,False,0.04801885319811061,0.02307544318975844,0.007553957776491171,0.024943410008352172,0.01552148541326727,7,"(0, 1, 1, 1)",1.3542555469368927,1.4142135623730951,1.38423455465499,0.4690884243086473,16,11,0.6875,2.054748765153547,0.6726408366516731,6.649211883544922
wall_surface_2026-03-18,harmonic_x,1/2,5,4,False,0.04801885319811061,0.02249468263029177,0.007685177394208464,0.025524170567818843,0.014809505236083305,15,"(1, 1, 1, 1)",1.8823529411764706,2.0,1.94117647058824,0.9569312781081141,16,11,0.6875,1.9270219119787295,0.6583558203279802,6.553487062454224
wall_surface_2026-03-18,mirror_harmonic_x,1/2,5,4,False,0.04801885319811061,0.022183459405970805,0.018302927470747927,0.025835393792139807,0.003880531935222878,0,"(0, 0, 0, 0)",1.0,1.1176470588235294,1.05882352941176,0.08246216019197297,16,11,0.6875,0.21201700883232014,0.17492907053885431,6.399307012557983
wall_surface_2026-03-18,uniform_x,1/2,5,4,True,0.04801885319811061,0.012064651226631138,0.010422740025294662,0.03595420197147947,0.0016419112013364764,11,"(1, 0, 1, 1)",1.6875,1.75,1.71875000000000,0.7813597135246596,16,41,2.5625,0.1575316277055522,0.1360927200043854,6.1623358726501465
wall_surface_2026-03-18,geometric_x,1/2,5,4,True,0.04801885319811061,0.010250724537867028,0.007553957776491171,0.03776812866024358,0.002696766761375857,0,"(0, 0, 0, 0)",1.0,1.0442737824274138,1.02213689121371,0.03158842430864739,16,41,2.5625,0.35700050770319647,0.26308059995308397,6.833194971084595
wall_surface_2026-03-18,harmonic_x,1/2,5,4,True,0.04801885319811061,0.010909944441184354,0.007685177394208464,0.037108908756926254,0.00322476704697589,7,"(0, 1, 1, 1)",1.28,1.3333333333333333,1.30666666666667,0.3858911536193273,16,41,2.5625,0.41960866764195565,0.2955805196223179,6.277774095535278
wall_surface_2026-03-18,mirror_harmonic_x,1/2,5,4,True,0.04801885319811061,0.018967941638976,0.018302927470747927,0.029050911559134612,0.0006650141682280723,0,"(0, 0, 0, 0)",1.0,1.1176470588235294,1.05882352941176,0.08246216019197297,16,41,2.5625,0.036333759683575766,0.03505990164275799,6.414167165756226
wall_surface_2026-03-18,uniform_x,1/2,5,5,False,0.04801885319811061,0.024053055169944257,0.005419629112361607,0.023965798028166355,0.01863342605758265,19,"(1, 0, 0, 1, 1)",1.59375,1.625,1.60937500000000,0.6865005271832184,32,11,0.34375,3.4381367564584364,0.7746802194536284,12.840019941329956
wall_surface_2026-03-18,geometric_x,1/2,5,5,False,0.04801885319811061,0.029849564725641077,0.003842389163193495,0.018169288472469534,0.026007175562447582,31,"(1, 1, 1, 1, 1)",1.9571441241754002,2.0,1.97857206208770,0.9844596110388398,32,11,0.34375,6.768490763916386,0.8712748678746112,13.074888229370117
wall_surface_2026-03-18,harmonic_x,1/2,5,5,False,0.04801885319811061,0.03209582709330809,0.004239617174228956,0.01592302610480252,0.027856209919079136,5,"(0, 0, 1, 0, 1)",1.0847457627118644,1.103448275862069,1.09409701928697,0.1297406750939913,32,11,0.34375,6.570454070336019,0.8679075269846246,12.724323987960815
wall_surface_2026-03-18,mirror_harmonic_x,1/2,5,5,False,0.04801885319811061,0.02409637722084043,0.010130868899735112,0.02392247597727018,0.01396550832110532,10,"(0, 1, 0, 1, 0)",1.4761904761904763,1.5116279069767442,1.49390919158361,0.5790924554674094,32,11,0.34375,1.3785104179435654,0.5795687954713314,12.763859987258911
wall_surface_2026-03-18,uniform_x,1/2,5,5,True,0.04801885319811061,0.011999669441450879,0.005419629112361607,0.03601918375665973,0.006580040329089272,3,"(0, 0, 0, 1, 1)",1.09375,1.125,1.10937500000000,0.14974711950468206,32,51,1.59375,1.2141126620788292,0.5483517992887044,12.900259256362915
wall_surface_2026-03-18,geometric_x,1/2,5,5,True,0.04801885319811061,0.010188726332246326,0.003842389163193495,0.03783012686586429,0.006346337169052831,28,"(1, 1, 1, 0, 0)",1.8340080864093424,1.8741676341103,1.85408786025982,0.8907096110388398,32,51,1.59375,1.6516643420309487,0.622878362035036,12.27769684791565
wall_surface_2026-03-18,harmonic_x,1/2,5,5,True,0.04801885319811061,0.010909944441184354,0.004239617174228956,0.037108908756926254,0.006670327266955398,15,"(0, 1, 1, 1, 1)",1.3061224489795917,1.3333333333333333,1.31972789115646,0.40024049735076317,32,51,1.59375,1.5733324479157735,0.6113988300229406,12.345386981964111
wall_surface_2026-03-18,mirror_harmonic_x,1/2,5,5,True,0.04801885319811061,0.018802506456062695,0.010130868899735112,0.029216346742047917,0.008671637556327582,20,"(1, 0, 1, 0, 0)",1.7692307692307692,1.7924528301886793,1.78084179970972,0.8325593609586137,32,51,1.59375,0.8559618767304664,0.46119582921517854,12.426007986068726
wall_surface_2026-03-18,uniform_x,1/2,5,6,False,0.04801885319811061,0.034749341489033185,0.0027633102183522973,0.013269511709077426,0.031986031270680886,40,"(1, 0, 1, 0, 0, 0)",1.625,1.640625,1.63281250000000,0.7073591320808827,64,11,0.171875,11.57525892614166,0.9204787745625512,27.122138023376465
wall_surface_2026-03-18,geometric_x,1/2,5,6,False,0.04801885319811061,0.03798870112680691,0.0019372364815933578,0.0100301520713037,0.036051464645213555,2,"(0, 0, 0, 0, 1, 0)",1.0218971486541166,1.0330248790212284,1.02746101383767,0.03908365306985117,64,11,0.171875,18.609738660073955,0.9490049297782825,26.780264139175415
wall_surface_2026-03-18,harmonic_x,1/2,5,6,False,0.04801885319811061,0.03890086812369077,0.002225137210319355,0.00911798507441984,0.03667573091337142,39,"(1, 0, 0, 1, 1, 1)",1.4382022471910112,1.4545454545454546,1.44637385086823,0.5324405004793025,64,11,0.171875,16.482458134843586,0.9427998058232475,26.5552020072937
wall_surface_2026-03-18,mirror_harmonic_x,1/2,5,6,False,0.04801885319811061,0.02755863343646477,0.005339397922687269,0.020460219761645842,0.0222192355137775,0,"(0, 0, 0, 0, 0, 0)",1.0,1.0307692307692307,1.01538461538462,0.02202630632999885,64,11,0.171875,4.161374715933285,0.8062531679955387,25.687654972076416
wall_surface_2026-03-18,uniform_x,1/2,5,6,True,0.04801885319811061,0.012127460663798337,0.0027633102183522973,0.035891392534312276,0.00936415044544604,15,"(0, 0, 1, 1, 1, 1)",1.234375,1.25,1.24218750000000,0.31288295528435534,64,61,0.953125,3.3887438273324526,0.772144367649771,24.701913833618164
wall_surface_2026-03-18,geometric_x,1/2,5,6,True,0.04801885319811061,0.010126845419484928,0.0019372364815933578,0.03789200777862568,0.008189608937891571,40,"(1, 0, 1, 0, 0, 0)",1.5422108254079407,1.559004400237837,1.55060761282289,0.6328336530698511,64,61,0.953125,4.227469911755791,0.8087028683319342,24.256538152694702
wall_surface_2026-03-18,harmonic_x,1/2,5,6,True,0.04801885319811061,0.011028539342721267,0.002225137210319355,0.036990313855389347,0.00880340213240191,8,"(0, 0, 1, 0, 0, 0)",1.0666666666666667,1.0756302521008403,1.07114845938375,0.09915844906428647,64,61,0.953125,3.956341250137304,0.7982382669933598,24.161521911621094
wall_surface_2026-03-18,mirror_harmonic_x,1/2,5,6,True,0.04801885319811061,0.019015751624031536,0.005339397922687269,0.029003101574079076,0.013676353701344266,47,"(1, 0, 1, 1, 1, 1)",1.8468468468468469,1.8571428571428572,1.85199485199485,0.8890800883325878,64,61,0.953125,2.561403719927487,0.719211839308024,24.559568881988525
wall_surface_2026-03-18,uniform_x,1/2,5,7,False,0.04801885319811061,0.04109086836285988,0.0013952675075605118,0.006927984835250735,0.039695600855299364,80,"(1, 0, 1, 0, 0, 0, 0)",1.625,1.6328125,1.62890625000000,0.7039035734446636,128,11,0.0859375,28.450172200098905,0.9660443411601973,51.27063798904419
wall_surface_2026-03-18,geometric_x,1/2,5,7,False,0.04801885319811061,0.04259808355568136,0.0009728009170741604,0.0054207696424292545,0.041625282638607194,2,"(0, 0, 0, 0, 0, 1, 0)",1.0108892860517005,1.016378314910953,1.01363380048133,0.01953653828684725,128,11,0.0859375,42.789107111248676,0.9771632703663163,51.093921184539795
wall_surface_2026-03-18,harmonic_x,1/2,5,7,False,0.04801885319811061,0.04198802332575474,0.0011399378286217766,0.0060308298723558695,0.040848085497132966,2,"(0, 0, 0, 0, 0, 1, 0)",1.0078740157480315,1.0118577075098814,1.00986586162896,0.014163675536864461,128,11,0.0859375,35.8336081771404,0.9728508813149449,50.854706048965454
wall_surface_2026-03-18,mirror_harmonic_x,1/2,5,7,False,0.04801885319811061,0.033934941038349486,0.0027425439601261184,0.014083912159761125,0.03119239707822337,125,"(1, 1, 1, 1, 1, 0, 1)",1.9881422924901186,1.9921259842519685,1.99013413837104,0.9928656741059791,128,11,0.0859375,11.373526744413226,0.9191822977671658,49.643462896347046
wall_surface_2026-03-18,uniform_x,1/2,5,7,True,0.04801885319811061,0.012064651226631138,0.0013952675075605118,0.03595420197147947,0.010669383719070627,95,"(1, 0, 1, 1, 1, 1, 1)",1.7421875,1.75,1.74609375000000,0.8041310211833178,128,71,0.5546875,7.6468373707956525,0.8843507796992389,47.68182396888733
wall_surface_2026-03-18,geometric_x,1/2,5,7,True,0.04801885319811061,0.009980796837310141,0.0009728009170741604,0.038038056360800473,0.00900799592023598,80,"(1, 0, 1, 0, 0, 0, 0)",1.5422108254079407,1.550584877685,1.54639785154647,0.6289115382868473,128,71,0.5546875,9.259855497801988,0.9025327403281426,47.1169970035553
wall_surface_2026-03-18,harmonic_x,1/2,5,7,True,0.04801885319811061,0.010904684586496375,0.0011399378286217766,0.037114168611614234,0.0097647467578746,127,"(1, 1, 1, 1, 1, 1, 1)",1.9844961240310077,2.0,1.99224806201550,0.994397293770624,128,71,0.5546875,8.566034491267395,0.8954634753917231,48.11607241630554
wall_surface_2026-03-18,mirror_harmonic_x,1/2,5,7,True,0.04801885319811061,0.018967941638976,0.0027425439601261184,0.029050911559134612,0.01622539767884988,0,"(0, 0, 0, 0, 0, 0, 0)",1.0,1.0155038759689923,1.00775193798450,0.011140557605200408,128,71,0.5546875,5.916185087550517,0.8554116196514101,48.36512875556946
wall_surface_2026-03-18,uniform_x,1/2,7,3,False,0.04801885319811061,0.019390541347960057,0.019266709931147465,0.028628311850150554,0.00012383141681259272,0,"(0, 0, 0)",1.0,1.125,1.06250000000000,0.0874628412503394,8,15,1.875,0.006427221734023257,0.006386176362508835,3.086350679397583
wall_surface_2026-03-18,geometric_x,1/2,7,3,False,0.04801885319811061,0.014811752836464818,0.014571397870416124,0.03320710036164579,0.00024035496604869408,0,"(0, 0, 0)",1.0,1.0905077326652577,1.04525386633263,0.06385337983609873,8,15,1.875,0.01649498340421269,0.016227314126992992,2.9623608589172363
wall_surface_2026-03-18,harmonic_x,1/2,7,3,False,0.04801885319811061,0.012883146613235967,0.012535782363257702,0.035135706584874644,0.00034736424997826483,7,"(1, 1, 1)",1.7777777777777777,2.0,1.88888888888889,0.9175378398080271,8,15,1.875,0.027709818175879253,0.026962687020994358,2.9501731395721436
wall_surface_2026-03-18,mirror_harmonic_x,1/2,7,3,False,0.04801885319811061,0.030433602709489953,0.030246046571444075,0.017585250488620658,0.00018755613804587873,0,"(0, 0, 0)",1.0,1.2222222222222223,1.11111111111111,0.15200309344505006,8,15,1.875,0.006201013332531016,0.006162797741569849,3.1003057956695557
wall_surface_2026-03-18,uniform_x,1/2,7,3,True,0.04801885319811061,0.019453210385793538,0.019266709931147465,0.028565642812317073,0.00018650045464607343,2,"(0, 1, 0)",1.25,1.375,1.31250000000000,0.3923174227787603,8,43,5.375,0.009679932656512779,0.009587129884858112,3.0880720615386963
wall_surface_2026-03-18,geometric_x,1/2,7,3,True,0.04801885319811061,0.014811752836464818,0.014571397870416124,0.03320710036164579,0.00024035496604869408,0,"(0, 0, 0)",1.0,1.0905077326652577,1.04525386633263,0.06385337983609873,8,43,5.375,0.01649498340421269,0.016227314126992992,2.9763920307159424
wall_surface_2026-03-18,harmonic_x,1/2,7,3,True,0.04801885319811061,0.012841835777493317,0.012535782363257702,0.035177017420617296,0.00030605341423561513,1,"(0, 0, 1)",1.0666666666666667,1.1428571428571428,1.10476190476190,0.14373547746144957,8,43,5.375,0.024414384788033313,0.02383252827232118,2.9570529460906982
wall_surface_2026-03-18,mirror_harmonic_x,1/2,7,3,True,0.04801885319811061,0.030433602709489953,0.030246046571444075,0.017585250488620658,0.00018755613804587873,0,"(0, 0, 0)",1.0,1.2222222222222223,1.11111111111111,0.15200309344505006,8,43,5.375,0.006201013332531016,0.006162797741569849,3.142119884490967
wall_surface_2026-03-18,uniform_x,1/2,7,4,False,0.04801885319811061,0.017546370010446868,0.010422740025294662,0.030472483187663744,0.007123629985152206,1,"(0, 0, 0, 1)",1.0625,1.125,1.09375000000000,0.12928301694496647,16,15,0.9375,0.683469986573978,0.4059888159722435,5.93493914604187
wall_surface_2026-03-18,geometric_x,1/2,7,4,False,0.04801885319811061,0.013679363761133788,0.007553957776491171,0.034339489436976824,0.006125405984642617,11,"(1, 0, 1, 1)",1.6104903319492543,1.681792830507429,1.64614158122834,0.7190884243086472,16,15,0.9375,0.8108869768514751,0.44778442123502127,5.906870603561401
wall_surface_2026-03-18,harmonic_x,1/2,7,4,False,0.04801885319811061,0.01177032913040728,0.007685177394208464,0.03624852406770333,0.004085151736198816,9,"(1, 0, 0, 1)",1.391304347826087,1.4545454545454546,1.42292490118577,0.5088595216353646,16,15,0.9375,0.5315624515417665,0.3470720054586494,5.865796804428101
wall_surface_2026-03-18,mirror_harmonic_x,1/2,7,4,False,0.04801885319811061,0.024152031993215327,0.018302927470747927,0.023866821204895285,0.0058491045224674,0,"(0, 0, 0, 0)",1.0,1.1176470588235294,1.05882352941176,0.08246216019197297,16,15,0.9375,0.3195720756592379,0.2421785680024978,6.1544411182403564
wall_surface_2026-03-18,uniform_x,1/2,7,4,True,0.04801885319811061,0.01459078374571831,0.010422740025294662,0.0334280694523923,0.004168043720423648,1,"(0, 0, 0, 1)",1.0625,1.125,1.09375000000000,0.12928301694496647,16,57,3.5625,0.39989903905387036,0.28566277131252577,5.990245819091797
wall_surface_2026-03-18,geometric_x,1/2,7,4,True,0.04801885319811061,0.012913659728729786,0.007553957776491171,0.035105193469380826,0.005359701952238615,15,"(1, 1, 1, 1)",1.9152065613971474,2.0,1.95760328069857,0.9690884243086474,16,57,3.5625,0.7095223604398021,0.4150412868874474,5.9546918869018555
wall_surface_2026-03-18,harmonic_x,1/2,7,4,True,0.04801885319811061,0.012062443805434865,0.007685177394208464,0.03595640939267575,0.004377266411226401,1,"(0, 0, 0, 1)",1.032258064516129,1.0666666666666667,1.04946236559140,0.06965043156749236,16,57,3.5625,0.5695725923678875,0.36288388006866207,5.899083852767944
wall_surface_2026-03-18,mirror_harmonic_x,1/2,7,4,True,0.04801885319811061,0.019462216898159437,0.018302927470747927,0.028556636299951175,0.0011592894274115098,15,"(1, 1, 1, 1)",1.967741935483871,2.0,1.98387096774194,0.9883181949523647,16,57,3.5625,0.06333901662803983,0.059566154949241425,6.008913040161133
wall_surface_2026-03-18,uniform_x,1/2,7,5,False,0.04801885319811061,0.019209798904183534,0.005419629112361607,0.028809054293927078,0.013790169791821927,31,"(1, 1, 1, 1, 1)",1.96875,2.0,1.98437500000000,0.9886846867721658,32,15,0.46875,2.5444858874877605,0.7178716373141567,12.19705319404602
wall_surface_2026-03-18,geometric_x,1/2,7,5,False,0.04801885319811061,0.01845280979671246,0.003842389163193495,0.02956604340139815,0.014610420633518965,31,"(1, 1, 1, 1, 1)",1.9571441241754002,2.0,1.97857206208770,0.9844596110388398,32,15,0.46875,3.8024312512311793,0.7917721363020794,11.944090127944946
wall_surface_2026-03-18,harmonic_x,1/2,7,5,False,0.04801885319811061,0.025787062806055732,0.004239617174228956,0.02223179039205488,0.021547445631826777,31,"(1, 1, 1, 1, 1)",1.9393939393939394,2.0,1.96969696969697,0.9779736936700011,32,15,0.46875,5.082403610119711,0.8355913115768524,12.232029914855957
wall_surface_2026-03-18,mirror_harmonic_x,1/2,7,5,False,0.04801885319811061,0.024266569033602244,0.010130868899735112,0.023752284164508367,0.014135700133867132,31,"(1, 1, 1, 1, 1)",1.9841269841269842,2.0,1.99206349206349,0.9942636304508555,32,15,0.46875,1.395309748232625,0.5825174590727366,12.33741807937622
wall_surface_2026-03-18,uniform_x,1/2,7,5,True,0.04801885319811061,0.014775685385303543,0.005419629112361607,0.03324316781280707,0.009356056272941936,3,"(0, 0, 0, 1, 1)",1.09375,1.125,1.10937500000000,0.14974711950468206,32,71,2.21875,1.7263277761206484,0.6332062458671341,12.00170111656189
wall_surface_2026-03-18,geometric_x,1/2,7,5,True,0.04801885319811061,0.012990315171399506,0.003842389163193495,0.035028538026711104,0.009147926008206011,3,"(0, 0, 0, 1, 1)",1.0671404006768237,1.0905077326652577,1.07882406667104,0.10945961103883992,32,71,2.21875,2.3807911223138487,0.7042112441079798,12.681440114974976
wall_surface_2026-03-18,harmonic_x,1/2,7,5,True,0.04801885319811061,0.012159966176948655,0.004239617174228956,0.03585888702116195,0.0079203490027197,31,"(1, 1, 1, 1, 1)",1.9393939393939394,2.0,1.96969696969697,0.9779736936700011,32,71,2.21875,1.8681755161443663,0.6513463020755854,12.248023986816406
wall_surface_2026-03-18,mirror_harmonic_x,1/2,7,5,True,0.04801885319811061,0.019713316976172998,0.010130868899735112,0.028305536221937613,0.009582448076437886,3,"(0, 0, 0, 1, 1)",1.1714285714285715,1.2222222222222223,1.19682539682540,0.2592126948813857,32,71,2.21875,0.9458663586781223,0.4860900927033211,12.3295578956604
wall_surface_2026-03-18,uniform_x,1/2,7,6,False,0.04801885319811061,0.03113063799849501,0.0027633102183522973,0.0168882151996156,0.028367327780142716,28,"(0, 1, 1, 1, 0, 0)",1.4375,1.453125,1.44531250000000,0.5313814605163121,64,15,0.234375,10.265705092299607,0.9112350277406494,25.117406845092773
wall_surface_2026-03-18,geometric_x,1/2,7,6,False,0.04801885319811061,0.030612559035653873,0.0019372364815933578,0.01740629416245674,0.028675322554060516,63,"(1, 1, 1, 1, 1, 1)",1.978456026387951,2.0,1.98922801319398,0.9922086530698512,64,15,0.234375,14.802179716580264,0.9367175909946929,25.21581196784973
wall_surface_2026-03-18,harmonic_x,1/2,7,6,False,0.04801885319811061,0.03551190754668114,0.002225137210319355,0.012506945651429471,0.033286770336361786,56,"(1, 1, 1, 0, 0, 0)",1.7777777777777777,1.8028169014084507,1.79029733959311,0.840199215831395,64,15,0.234375,14.959423707441582,0.9373410958734232,25.88415217399597
wall_surface_2026-03-18,mirror_harmonic_x,1/2,7,6,False,0.04801885319811061,0.03392353860374725,0.005339397922687269,0.014095314594363362,0.02858414068105998,63,"(1, 1, 1, 1, 1, 1)",1.9921259842519685,2.0,1.99606299212598,0.9971572502311746,64,15,0.234375,5.35343892606413,0.8426049244138266,25.348484754562378
wall_surface_2026-03-18,uniform_x,1/2,7,6,True,0.04801885319811061,0.014747873187935474,0.0027633102183522973,0.03327098001017514,0.011984562969583177,44,"(1, 0, 1, 1, 0, 0)",1.6875,1.703125,1.69531250000000,0.7615512324444793,64,85,1.328125,4.337031322067529,0.8126299173352787,24.859210968017578
wall_surface_2026-03-18,geometric_x,1/2,7,6,True,0.04801885319811061,0.012990315171399506,0.0019372364815933578,0.035028538026711104,0.011053078689806149,7,"(0, 0, 0, 1, 1, 1)",1.0787607977571199,1.0905077326652577,1.08463426521119,0.11720865306985143,64,85,1.328125,5.70559082219797,0.850870709753176,24.95921301841736
wall_surface_2026-03-18,harmonic_x,1/2,7,6,True,0.04801885319811061,0.012062443805434865,0.002225137210319355,0.03595640939267575,0.00983730659511551,7,"(0, 0, 0, 1, 1, 1)",1.0578512396694215,1.0666666666666667,1.06225895316804,0.08713550334684844,64,85,1.328125,4.420988759476835,0.8155318071354002,24.47684097290039
wall_surface_2026-03-18,mirror_harmonic_x,1/2,7,6,True,0.04801885319811061,0.019524536833220998,0.005339397922687269,0.028494316364889614,0.014185138910533728,9,"(0, 0, 1, 0, 0, 1)",1.2465753424657535,1.2702702702702702,1.25842280636801,0.3316167220327048,64,85,1.328125,2.6566925926724116,0.7265288304508056,24.90910792350769
wall_surface_2026-03-18,uniform_x,1/2,7,7,False,0.04801885319811061,0.03548155968928125,0.0013952675075605118,0.012537293508829359,0.03408629218172074,7,"(0, 0, 0, 0, 1, 1, 1)",1.0546875,1.0625,1.05859375000000,0.08214904135387156,128,15,0.1171875,24.429933326059654,0.9606762633948694,51.27997803688049
wall_surface_2026-03-18,geometric_x,1/2,7,7,False,0.04801885319811061,0.03696127324160628,0.0009728009170741604,0.011057579956504332,0.03598847232453212,7,"(0, 0, 0, 0, 1, 1, 1)",1.0386341019613787,1.0442737824274138,1.04145394219440,0.0585990382868471,128,15,0.1171875,36.99469407653588,0.9736805355509478,52.14541816711426
wall_surface_2026-03-18,harmonic_x,1/2,7,7,False,0.04801885319811061,0.04077170595721766,0.0011399378286217766,0.007247147240892954,0.03963176812859588,112,"(1, 1, 1, 0, 0, 0, 0)",1.7777777777777777,1.7902097902097902,1.78399378399378,0.8351105884549859,128,15,0.1171875,34.76660492661431,0.9720409582611547,53.09862995147705
wall_surface_2026-03-18,mirror_harmonic_x,1/2,7,7,False,0.04801885319811061,0.033582711562705134,0.0027425439601261184,0.014436141635405478,0.030840167602579016,65,"(1, 0, 0, 0, 0, 0, 1)",1.6735751295336787,1.6804123711340206,1.67699375033385,0.7458773124090196,128,15,0.1171875,11.245095083602891,0.9183346480225314,52.611469984054565
wall_surface_2026-03-18,uniform_x,1/2,7,7,True,0.04801885319811061,0.014775685385303543,0.0013952675075605118,0.03324316781280707,0.013380417877743031,15,"(0, 0, 0, 1, 1, 1, 1)",1.1171875,1.125,1.12109375000000,0.1649069266756878,128,99,0.7734375,9.58985843591913,0.9055700313605556,51.882412910461426
wall_surface_2026-03-18,geometric_x,1/2,7,7,True,0.04801885319811061,0.012990315171399506,0.0009728009170741604,0.035028538026711104,0.012017514254325345,15,"(0, 0, 0, 1, 1, 1, 1)",1.0846183622133092,1.0905077326652577,1.08756304743928,0.1210990382868472,128,99,0.7734375,12.353518632023661,0.9251133706735649,50.73319602012634
wall_surface_2026-03-18,harmonic_x,1/2,7,7,True,0.04801885319811061,0.012159966176948655,0.0011399378286217766,0.03585888702116195,0.011020028348326879,127,"(1, 1, 1, 1, 1, 1, 1)",1.9844961240310077,2.0,1.99224806201550,0.994397293770624,128,99,0.7734375,9.667218747929846,0.906254852025598,49.597867012023926
wall_surface_2026-03-18,mirror_harmonic_x,1/2,7,7,True,0.04801885319811061,0.01971467906362808,0.0027425439601261184,0.02830417413448253,0.016972135103501963,127,"(1, 1, 1, 1, 1, 1, 1)",1.996078431372549,2.0,1.99803921568627,0.9985848993069559,128,99,0.7734375,6.188464196111367,0.8608882269260025,50.820637226104736
partition_2026-03-18,uniform_x,1/2,3,8,False,0.04801885319811061,0.04489501978344528,0.0007011716473379505,0.0031238334146653293,0.044193848136107335,0,"(0, 0, 0, 0, 0, 0, 0, 0)",1.0,1.00390625,1.00195312500000,0.0028150156070540383,256,7,0.02734375,63.02857268101543,0.9843819726392793,101.01522779464722
partition_2026-03-18,geometric_x,1/2,3,8,False,0.04801885319811061,0.046349166350692056,0.0004874400969089899,0.0016696868474185556,0.04586172625378307,0,"(0, 0, 0, 0, 0, 0, 0, 0)",1.0,1.0027112750502025,1.00135563752510,0.00195444707292352,256,7,0.02734375,94.08689712768117,0.9894833039019328,101.63112998008728
partition_2026-03-18,harmonic_x,1/2,3,8,False,0.04801885319811061,0.047126467201876424,0.0005768207919281125,0.0008923859962341879,0.04654964640994831,192,"(1, 1, 0, 0, 0, 0, 0, 0)",1.6,1.6050156739811912,1.60250783699060,0.6803314122947627,256,7,0.02734375,80.70036146642519,0.987760152072143,105.07293581962585
partition_2026-03-18,mirror_harmonic_x,1/2,3,8,False,0.04801885319811061,0.04361704464572489,0.0013900246743922449,0.004401808552385721,0.042227019971332644,95,"(0, 1, 0, 1, 1, 1, 1, 1)",1.5413105413105412,1.5454545454545454,1.54338254338254,0.6260956931717778,256,7,0.02734375,30.37861179679807,0.9681311586861837,101.78749799728394
partition_2026-03-18,uniform_x,1/2,3,8,True,0.04801885319811061,0.024537782649870787,0.0007011716473379505,0.023481070548239825,0.023836611002532836,95,"(0, 1, 0, 1, 1, 1, 1, 1)",1.37109375,1.375,1.37304687500000,0.4573808790725353,256,49,0.19140625,33.995400545687026,0.971424816278514,97.76587700843811
partition_2026-03-18,geometric_x,1/2,3,8,True,0.04801885319811061,0.021838262465232617,0.0004874400969089899,0.026180590732877995,0.021350822368323627,127,"(0, 1, 1, 1, 1, 1, 1, 1)",1.4103896082172707,1.4142135623730951,1.41230158529518,0.49804819707292325,256,49,0.19140625,43.801941005091436,0.9776795384850322,99.5147750377655
partition_2026-03-18,harmonic_x,1/2,3,8,True,0.04801885319811061,0.01922014925816906,0.0005768207919281125,0.02879870393994155,0.01864332846624095,192,"(1, 1, 0, 0, 0, 0, 0, 0)",1.6,1.6050156739811912,1.60250783699060,0.6803314122947627,256,49,0.19140625,32.32083296429511,0.9699887454472838,96.42891502380371
partition_2026-03-18,mirror_harmonic_x,1/2,3,8,True,0.04801885319811061,0.02832478560795559,0.0013900246743922449,0.01969406759015502,0.026934760933563347,255,"(1, 1, 1, 1, 1, 1, 1, 1)",1.9980430528375734,2.0,1.99902152641879,0.9992940077956061,256,49,0.19140625,19.377181880127363,0.9509255005975463,96.54924273490906
