source_run,partition_kind,alpha,q,depth,layer_dependent,single_err,opt_err,free_err,improve,gap,worst_cell_index,worst_cell_bits,worst_cell_x_lo,worst_cell_x_hi,time
wall_surface_2026-03-18,uniform_x,1/2,1,3,False,0.04801885319811061,0.03855030560180408,0.019266709931147465,0.009468547596306533,0.019283595670656614,0,"(0, 0, 0)",1.0,1.125,3.131706953048706
wall_surface_2026-03-18,geometric_x,1/2,1,3,False,0.04801885319811061,0.038007769071102336,0.014571397870416124,0.010011084127008275,0.02343637120068621,0,"(0, 0, 0)",1.0,1.0905077326652577,3.1235599517822266
wall_surface_2026-03-18,harmonic_x,1/2,1,3,False,0.04801885319811061,0.035964847810087595,0.012535782363257702,0.012054005388023016,0.02342906544682989,7,"(1, 1, 1)",1.7777777777777777,2.0,3.1651718616485596
wall_surface_2026-03-18,mirror_harmonic_x,1/2,1,3,False,0.04801885319811061,0.03836943742117616,0.030246046571444075,0.009649415776934449,0.008123390849732088,0,"(0, 0, 0)",1.0,1.2222222222222223,3.0289790630340576
wall_surface_2026-03-18,uniform_x,1/2,1,3,True,0.04801885319811061,0.03290396609425293,0.019266709931147465,0.01511488710385768,0.013637256163105467,7,"(1, 1, 1)",1.875,2.0,3.0845019817352295
wall_surface_2026-03-18,geometric_x,1/2,1,3,True,0.04801885319811061,0.031153241103705116,0.014571397870416124,0.016865612094405496,0.01658184323328899,0,"(0, 0, 0)",1.0,1.0905077326652577,3.185170888900757
wall_surface_2026-03-18,harmonic_x,1/2,1,3,True,0.04801885319811061,0.027693141878382274,0.012535782363257702,0.020325711319728337,0.015157359515124572,4,"(1, 0, 0)",1.3333333333333333,1.4545454545454546,3.150211811065674
wall_surface_2026-03-18,mirror_harmonic_x,1/2,1,3,True,0.04801885319811061,0.03673108401871054,0.030246046571444075,0.011287769179400074,0.0064850374472664625,7,"(1, 1, 1)",1.9333333333333333,2.0,3.046125888824463
wall_surface_2026-03-18,uniform_x,1/2,1,4,False,0.04801885319811061,0.041080793032408074,0.010422740025294662,0.006938060165702538,0.03065805300711341,15,"(1, 1, 1, 1)",1.9375,2.0,6.371345043182373
wall_surface_2026-03-18,geometric_x,1/2,1,4,False,0.04801885319811061,0.03903223742957822,0.007553957776491171,0.008986615768532394,0.03147827965308705,15,"(1, 1, 1, 1)",1.9152065613971474,2.0,6.399703741073608
wall_surface_2026-03-18,harmonic_x,1/2,1,4,False,0.04801885319811061,0.036814085942925706,0.007685177394208464,0.011204767255184905,0.02912890854871724,8,"(1, 0, 0, 0)",1.3333333333333333,1.391304347826087,6.398092031478882
wall_surface_2026-03-18,mirror_harmonic_x,1/2,1,4,False,0.04801885319811061,0.041080793032408074,0.018302927470747927,0.006938060165702538,0.022777865561660147,15,"(1, 1, 1, 1)",1.967741935483871,2.0,6.462316989898682
wall_surface_2026-03-18,uniform_x,1/2,1,4,True,0.04801885319811061,0.03268363912847789,0.010422740025294662,0.015335214069632723,0.022260899103183227,7,"(0, 1, 1, 1)",1.4375,1.5,6.434464931488037
wall_surface_2026-03-18,geometric_x,1/2,1,4,True,0.04801885319811061,0.03035818276048388,0.007553957776491171,0.01766067043762673,0.02280422498399271,15,"(1, 1, 1, 1)",1.9152065613971474,2.0,6.2426598072052
wall_surface_2026-03-18,harmonic_x,1/2,1,4,True,0.04801885319811061,0.026302633694648112,0.007685177394208464,0.0217162195034625,0.01861745630043965,0,"(0, 0, 0, 0)",1.0,1.032258064516129,6.29004693031311
wall_surface_2026-03-18,mirror_harmonic_x,1/2,1,4,True,0.04801885319811061,0.03620078606822961,0.018302927470747927,0.011818067129881003,0.01789785859748168,0,"(0, 0, 0, 0)",1.0,1.1176470588235294,6.163232088088989
wall_surface_2026-03-18,uniform_x,1/2,1,5,False,0.04801885319811061,0.04199111634305641,0.005419629112361607,0.0060277368550542,0.0365714872306948,0,"(0, 0, 0, 0, 0)",1.0,1.03125,12.741696119308472
wall_surface_2026-03-18,geometric_x,1/2,1,5,False,0.04801885319811061,0.04126605285706291,0.003842389163193495,0.0067528003410477,0.037423663693869416,0,"(0, 0, 0, 0, 0)",1.0,1.0218971486541166,12.80358600616455
wall_surface_2026-03-18,harmonic_x,1/2,1,5,False,0.04801885319811061,0.03945303926878258,0.004239617174228956,0.00856581392932803,0.03521342209455362,1,"(0, 0, 0, 0, 1)",1.0158730158730158,1.032258064516129,12.577530145645142
wall_surface_2026-03-18,mirror_harmonic_x,1/2,1,5,False,0.04801885319811061,0.04235378478158993,0.010130868899735112,0.005665068416520681,0.032222915881854816,0,"(0, 0, 0, 0, 0)",1.0,1.0606060606060606,12.743149042129517
wall_surface_2026-03-18,uniform_x,1/2,1,5,True,0.04801885319811061,0.03247276504480362,0.005419629112361607,0.015546088153306992,0.02705313593244201,15,"(0, 1, 1, 1, 1)",1.46875,1.5,12.175542116165161
wall_surface_2026-03-18,geometric_x,1/2,1,5,True,0.04801885319811061,0.029849564725641077,0.003842389163193495,0.018169288472469534,0.026007175562447582,31,"(1, 1, 1, 1, 1)",1.9571441241754002,2.0,12.224701881408691
wall_surface_2026-03-18,harmonic_x,1/2,1,5,True,0.04801885319811061,0.025807802933905742,0.004239617174228956,0.02221105026420487,0.021568185759676787,24,"(1, 1, 0, 0, 0)",1.6,1.641025641025641,12.233857154846191
wall_surface_2026-03-18,mirror_harmonic_x,1/2,1,5,True,0.04801885319811061,0.03586962132550633,0.010130868899735112,0.012149231872604284,0.025738752425771214,7,"(0, 0, 1, 1, 1)",1.358974358974359,1.4,12.320595979690552
wall_surface_2026-03-18,uniform_x,1/2,1,6,False,0.04801885319811061,0.04436983165121844,0.0027633102183522973,0.0036490215468921727,0.04160652143286614,32,"(1, 0, 0, 0, 0, 0)",1.5,1.515625,26.896548986434937
wall_surface_2026-03-18,geometric_x,1/2,1,6,False,0.04801885319811061,0.04230006320868979,0.0019372364815933578,0.005718789989420825,0.04036282672709643,40,"(1, 0, 1, 0, 0, 0)",1.5422108254079407,1.559004400237837,25.377453088760376
wall_surface_2026-03-18,harmonic_x,1/2,1,6,False,0.04801885319811061,0.04371240411416954,0.002225137210319355,0.004306449083941073,0.041487266903850184,48,"(1, 1, 0, 0, 0, 0)",1.6,1.620253164556962,25.498622179031372
wall_surface_2026-03-18,mirror_harmonic_x,1/2,1,6,False,0.04801885319811061,0.043623842750329864,0.005339397922687269,0.004395010447780748,0.038284444827642594,0,"(0, 0, 0, 0, 0, 0)",1.0,1.0307692307692307,25.861692905426025
wall_surface_2026-03-18,uniform_x,1/2,1,6,True,0.04801885319811061,0.03235473310620089,0.0027633102183522973,0.01566412009190972,0.029591422887848596,34,"(1, 0, 0, 0, 1, 0)",1.53125,1.546875,24.65054702758789
wall_surface_2026-03-18,geometric_x,1/2,1,6,True,0.04801885319811061,0.02958521459456766,0.0019372364815933578,0.01843363860354295,0.027647978112974304,34,"(1, 0, 0, 0, 1, 0)",1.4451808069770467,1.460917794180647,24.905641317367554
wall_surface_2026-03-18,harmonic_x,1/2,1,6,True,0.04801885319811061,0.026040634305238963,0.002225137210319355,0.02197821889287165,0.02381549709491961,63,"(1, 1, 1, 1, 1, 1)",1.9692307692307693,2.0,24.36471176147461
wall_surface_2026-03-18,mirror_harmonic_x,1/2,1,6,True,0.04801885319811061,0.03570952614923379,0.005339397922687269,0.012309327048876821,0.03037012822654652,63,"(1, 1, 1, 1, 1, 1)",1.9921259842519685,2.0,24.821624994277954
wall_surface_2026-03-18,uniform_x,1/2,1,7,False,0.04801885319811061,0.04580368961312479,0.0013952675075605118,0.002215163584985823,0.044408422105564276,0,"(0, 0, 0, 0, 0, 0, 0)",1.0,1.0078125,51.06023597717285
wall_surface_2026-03-18,geometric_x,1/2,1,7,False,0.04801885319811061,0.044830973906115686,0.0009728009170741604,0.003187879291994926,0.04385817298904152,1,"(0, 0, 0, 0, 0, 0, 1)",1.0054299011128027,1.0108892860517005,71.00197100639343
wall_surface_2026-03-18,harmonic_x,1/2,1,7,False,0.04801885319811061,0.0462620826295112,0.0011399378286217766,0.0017567705685994084,0.04512214480088943,1,"(0, 0, 0, 0, 0, 0, 1)",1.003921568627451,1.0078740157480315,83.58716893196106
wall_surface_2026-03-18,mirror_harmonic_x,1/2,1,7,False,0.04801885319811061,0.045468280120467025,0.0027425439601261184,0.0025505730776435864,0.04272573616034091,64,"(1, 0, 0, 0, 0, 0, 0)",1.6666666666666667,1.6735751295336787,78.29355072975159
wall_surface_2026-03-18,uniform_x,1/2,1,7,True,0.04801885319811061,0.03220755824744427,0.0013952675075605118,0.01581129495066634,0.030812290739883758,64,"(1, 0, 0, 0, 0, 0, 0)",1.5,1.5078125,74.26763224601746
wall_surface_2026-03-18,geometric_x,1/2,1,7,True,0.04801885319811061,0.029342511166140447,0.0009728009170741604,0.018676342031970165,0.028369710249066288,96,"(1, 1, 0, 0, 0, 0, 0)",1.681792830507429,1.6909247992693053,67.04765486717224
wall_surface_2026-03-18,harmonic_x,1/2,1,7,True,0.04801885319811061,0.025588537260549965,0.0011399378286217766,0.022430315937560646,0.02444859943192819,96,"(1, 1, 0, 0, 0, 0, 0)",1.6,1.610062893081761,50.80677604675293
wall_surface_2026-03-18,mirror_harmonic_x,1/2,1,7,True,0.04801885319811061,0.03547862610276203,0.0027425439601261184,0.012540227095348584,0.03273608214263591,0,"(0, 0, 0, 0, 0, 0, 0)",1.0,1.0155038759689923,50.78886294364929
wall_surface_2026-03-18,uniform_x,1/2,2,3,False,0.04801885319811061,0.02274767606204733,0.019266709931147465,0.02527117713606328,0.003480966130899866,7,"(1, 1, 1)",1.875,2.0,3.115708827972412
wall_surface_2026-03-18,geometric_x,1/2,2,3,False,0.04801885319811061,0.021110823638426424,0.014571397870416124,0.026908029559684188,0.006539425768010299,0,"(0, 0, 0)",1.0,1.0905077326652577,3.1103579998016357
wall_surface_2026-03-18,harmonic_x,1/2,2,3,False,0.04801885319811061,0.023310959080605067,0.012535782363257702,0.024707894117505545,0.010775176717347365,4,"(1, 0, 0)",1.3333333333333333,1.4545454545454546,3.2116150856018066
wall_surface_2026-03-18,mirror_harmonic_x,1/2,2,3,False,0.04801885319811061,0.030433602709489953,0.030246046571444075,0.017585250488620658,0.00018755613804587873,0,"(0, 0, 0)",1.0,1.2222222222222223,3.125053882598877
wall_surface_2026-03-18,uniform_x,1/2,2,3,True,0.04801885319811061,0.019462216898159437,0.019266709931147465,0.028556636299951175,0.00019550696701197204,7,"(1, 1, 1)",1.875,2.0,3.071125030517578
wall_surface_2026-03-18,geometric_x,1/2,2,3,True,0.04801885319811061,0.015929950078506377,0.014571397870416124,0.03208890311960423,0.0013585522080902523,1,"(0, 0, 1)",1.0905077326652577,1.189207115002721,3.0037190914154053
wall_surface_2026-03-18,harmonic_x,1/2,2,3,True,0.04801885319811061,0.016941235851014168,0.012535782363257702,0.031077617347096444,0.004405453487756466,1,"(0, 0, 1)",1.0666666666666667,1.1428571428571428,2.9997670650482178
wall_surface_2026-03-18,mirror_harmonic_x,1/2,2,3,True,0.04801885319811061,0.030433602709489953,0.030246046571444075,0.017585250488620658,0.00018755613804587873,0,"(0, 0, 0)",1.0,1.2222222222222223,3.1308112144470215
wall_surface_2026-03-18,uniform_x,1/2,2,4,False,0.04801885319811061,0.027825719899582053,0.010422740025294662,0.020193133298528558,0.01740297987428739,7,"(0, 1, 1, 1)",1.4375,1.5,6.286088943481445
wall_surface_2026-03-18,geometric_x,1/2,2,4,False,0.04801885319811061,0.031006330819390738,0.007553957776491171,0.017012522378719874,0.023452373042899568,8,"(1, 0, 0, 0)",1.4142135623730951,1.4768261459394993,6.2508769035339355
wall_surface_2026-03-18,harmonic_x,1/2,2,4,False,0.04801885319811061,0.03133634476818444,0.007685177394208464,0.01668250842992617,0.023651167373975976,8,"(1, 0, 0, 0)",1.3333333333333333,1.391304347826087,6.211806058883667
wall_surface_2026-03-18,mirror_harmonic_x,1/2,2,4,False,0.04801885319811061,0.028815727595323165,0.018302927470747927,0.019203125602787446,0.010512800124575238,0,"(0, 0, 0, 0)",1.0,1.1176470588235294,6.19815993309021
wall_surface_2026-03-18,uniform_x,1/2,2,4,True,0.04801885319811061,0.019462216898159437,0.010422740025294662,0.028556636299951175,0.009039476872864775,15,"(1, 1, 1, 1)",1.9375,2.0,6.01279616355896
wall_surface_2026-03-18,geometric_x,1/2,2,4,True,0.04801885319811061,0.015876367187616824,0.007553957776491171,0.032142486010493784,0.008322409411125654,5,"(0, 1, 0, 1)",1.241857812073484,1.2968395546510096,6.039579153060913
wall_surface_2026-03-18,harmonic_x,1/2,2,4,True,0.04801885319811061,0.01700642530568987,0.007685177394208464,0.03101242789242074,0.009321247911481407,0,"(0, 0, 0, 0)",1.0,1.032258064516129,6.006302833557129
wall_surface_2026-03-18,mirror_harmonic_x,1/2,2,4,True,0.04801885319811061,0.026898369120716806,0.018302927470747927,0.021120484077393805,0.00859544164996888,3,"(0, 0, 1, 1)",1.3157894736842106,1.4,6.157121896743774
wall_surface_2026-03-18,uniform_x,1/2,2,5,False,0.04801885319811061,0.03655078118969824,0.005419629112361607,0.01146807200841237,0.031131152077336632,16,"(1, 0, 0, 0, 0)",1.5,1.53125,12.527460098266602
wall_surface_2026-03-18,geometric_x,1/2,2,5,False,0.04801885319811061,0.037170118513135404,0.003842389163193495,0.010848734684975207,0.03332772934994191,16,"(1, 0, 0, 0, 0)",1.4142135623730951,1.4451808069770467,12.685259103775024
wall_surface_2026-03-18,harmonic_x,1/2,2,5,False,0.04801885319811061,0.03570952614923379,0.004239617174228956,0.012309327048876821,0.03146990897500483,31,"(1, 1, 1, 1, 1)",1.9393939393939394,2.0,12.62726902961731
wall_surface_2026-03-18,mirror_harmonic_x,1/2,2,5,False,0.04801885319811061,0.03218913608508281,0.010130868899735112,0.015829717113027802,0.022058267185347695,16,"(1, 0, 0, 0, 0)",1.6666666666666667,1.6938775510204083,12.329859018325806
wall_surface_2026-03-18,uniform_x,1/2,2,5,True,0.04801885319811061,0.019146393620264688,0.005419629112361607,0.028872459577845924,0.013726764507903081,0,"(0, 0, 0, 0, 0)",1.0,1.03125,12.06940221786499
wall_surface_2026-03-18,geometric_x,1/2,2,5,True,0.04801885319811061,0.016097107583690512,0.003842389163193495,0.0319217456144201,0.012254718420497017,28,"(1, 1, 1, 0, 0)",1.8340080864093424,1.8741676341103,11.863314867019653
wall_surface_2026-03-18,harmonic_x,1/2,2,5,True,0.04801885319811061,0.017192043273332278,0.004239617174228956,0.030826809924778334,0.012952426099103322,31,"(1, 1, 1, 1, 1)",1.9393939393939394,2.0,11.746816158294678
wall_surface_2026-03-18,mirror_harmonic_x,1/2,2,5,True,0.04801885319811061,0.02681864125450038,0.010130868899735112,0.02120021194361023,0.01668777235476527,23,"(1, 0, 1, 1, 1)",1.8363636363636364,1.8571428571428572,12.339823007583618
wall_surface_2026-03-18,uniform_x,1/2,2,6,False,0.04801885319811061,0.04162853905014801,0.0027633102183522973,0.006390314147962602,0.03886522883179571,0,"(0, 0, 0, 0, 0, 0)",1.0,1.015625,25.98417615890503
wall_surface_2026-03-18,geometric_x,1/2,2,6,False,0.04801885319811061,0.04043235777067417,0.0019372364815933578,0.007586495427436439,0.038495121289080815,32,"(1, 0, 0, 0, 0, 0)",1.4142135623730951,1.42961333839197,25.692187070846558
wall_surface_2026-03-18,harmonic_x,1/2,2,6,False,0.04801885319811061,0.03945824587873058,0.002225137210319355,0.008560607319380034,0.03723310866841122,5,"(0, 0, 0, 1, 0, 1)",1.0406504065040652,1.0491803278688525,25.50707197189331
wall_surface_2026-03-18,mirror_harmonic_x,1/2,2,6,False,0.04801885319811061,0.03729393143298228,0.005339397922687269,0.010724921765128334,0.03195453351029501,32,"(1, 0, 0, 0, 0, 0)",1.6666666666666667,1.6804123711340206,25.4231858253479
wall_surface_2026-03-18,uniform_x,1/2,2,6,True,0.04801885319811061,0.019077204754298742,0.0027633102183522973,0.02894164844381187,0.016313894535946446,48,"(1, 1, 0, 0, 0, 0)",1.75,1.765625,24.591511011123657
wall_surface_2026-03-18,geometric_x,1/2,2,6,True,0.04801885319811061,0.016097107583690512,0.0019372364815933578,0.0319217456144201,0.014159871102097155,56,"(1, 1, 1, 0, 0, 0)",1.8340080864093424,1.8539791250833855,24.29765796661377
wall_surface_2026-03-18,harmonic_x,1/2,2,6,True,0.04801885319811061,0.016940022128331365,0.002225137210319355,0.031078831069779246,0.014714884918012011,63,"(1, 1, 1, 1, 1, 1)",1.9692307692307693,2.0,24.347847938537598
wall_surface_2026-03-18,mirror_harmonic_x,1/2,2,6,True,0.04801885319811061,0.027063162877977054,0.005339397922687269,0.020955690320133558,0.021723764955289784,47,"(1, 0, 1, 1, 1, 1)",1.8468468468468469,1.8571428571428572,25.22936511039734
wall_surface_2026-03-18,uniform_x,1/2,2,7,False,0.04801885319811061,0.04435009247162612,0.0013952675075605118,0.0036687607264844907,0.04295482496406561,0,"(0, 0, 0, 0, 0, 0, 0)",1.0,1.0078125,52.36525106430054
wall_surface_2026-03-18,geometric_x,1/2,2,7,False,0.04801885319811061,0.04241333162486698,0.0009728009170741604,0.005605521573243628,0.04144053070779282,64,"(1, 0, 0, 0, 0, 0, 0)",1.4142135623730951,1.4218926021691656,51.78730893135071
wall_surface_2026-03-18,harmonic_x,1/2,2,7,False,0.04801885319811061,0.04369284819736065,0.0011399378286217766,0.004326005000749963,0.04255291036873887,96,"(1, 1, 0, 0, 0, 0, 0)",1.6,1.610062893081761,51.936710834503174
wall_surface_2026-03-18,mirror_harmonic_x,1/2,2,7,False,0.04801885319811061,0.04235378478158993,0.0027425439601261184,0.005665068416520681,0.03961124082146381,0,"(0, 0, 0, 0, 0, 0, 0)",1.0,1.0155038759689923,51.44286322593689
wall_surface_2026-03-18,uniform_x,1/2,2,7,True,0.04801885319811061,0.018967012259652465,0.0013952675075605118,0.029051840938458147,0.01757174475209195,91,"(1, 0, 1, 1, 0, 1, 1)",1.7109375,1.71875,49.44770789146423
wall_surface_2026-03-18,geometric_x,1/2,2,7,True,0.04801885319811061,0.015937630313563354,0.0009728009170741604,0.03208122288454726,0.014964829396489193,0,"(0, 0, 0, 0, 0, 0, 0)",1.0,1.0054299011128027,47.33866310119629
wall_surface_2026-03-18,harmonic_x,1/2,2,7,True,0.04801885319811061,0.017027517091475784,0.0011399378286217766,0.030991336106634827,0.01588757926285401,79,"(1, 0, 0, 1, 1, 1, 1)",1.4463276836158192,1.4545454545454546,47.675187826156616
wall_surface_2026-03-18,mirror_harmonic_x,1/2,2,7,True,0.04801885319811061,0.02699710004795211,0.0027425439601261184,0.0210217531501585,0.024254556087825993,91,"(1, 0, 1, 1, 0, 1, 1)",1.8310502283105023,1.8363636363636364,48.406755208969116
wall_surface_2026-03-18,uniform_x,1/2,3,3,False,0.04801885319811061,0.025026615608853737,0.019266709931147465,0.022992237589256875,0.005759905677706272,7,"(1, 1, 1)",1.875,2.0,3.056942939758301
wall_surface_2026-03-18,geometric_x,1/2,3,3,False,0.04801885319811061,0.022004631387038523,0.014571397870416124,0.02601422181107209,0.0074332335166223985,0,"(0, 0, 0)",1.0,1.0905077326652577,3.045466661453247
wall_surface_2026-03-18,harmonic_x,1/2,3,3,False,0.04801885319811061,0.019234349564168456,0.012535782363257702,0.028784503633942155,0.006698567200910754,2,"(0, 1, 0)",1.1428571428571428,1.2307692307692308,2.9858481884002686
wall_surface_2026-03-18,mirror_harmonic_x,1/2,3,3,False,0.04801885319811061,0.03097329784922937,0.030246046571444075,0.01704555534888124,0.0007272512777852964,0,"(0, 0, 0)",1.0,1.2222222222222223,3.0623831748962402
wall_surface_2026-03-18,uniform_x,1/2,3,3,True,0.04801885319811061,0.024537782649870787,0.019266709931147465,0.023481070548239825,0.005271072718723322,2,"(0, 1, 0)",1.25,1.375,3.035172700881958
wall_surface_2026-03-18,geometric_x,1/2,3,3,True,0.04801885319811061,0.021938522550775812,0.014571397870416124,0.0260803306473348,0.007367124680359688,6,"(1, 1, 0)",1.681792830507429,1.8340080864093424,3.0529561042785645
wall_surface_2026-03-18,harmonic_x,1/2,3,3,True,0.04801885319811061,0.01922014925816906,0.012535782363257702,0.02879870393994155,0.006684366894911359,6,"(1, 1, 0)",1.6,1.7777777777777777,2.9812638759613037
wall_surface_2026-03-18,mirror_harmonic_x,1/2,3,3,True,0.04801885319811061,0.030433602709489953,0.030246046571444075,0.017585250488620658,0.00018755613804587873,0,"(0, 0, 0)",1.0,1.2222222222222223,3.0437839031219482
wall_surface_2026-03-18,uniform_x,1/2,3,4,False,0.04801885319811061,0.03187323864373392,0.010422740025294662,0.016145614554376693,0.021450498618439257,0,"(0, 0, 0, 0)",1.0,1.0625,6.183049917221069
wall_surface_2026-03-18,geometric_x,1/2,3,4,False,0.04801885319811061,0.033031134833803946,0.007553957776491171,0.014987718364306665,0.025477177057312776,11,"(1, 0, 1, 1)",1.6104903319492543,1.681792830507429,6.200758934020996
wall_surface_2026-03-18,harmonic_x,1/2,3,4,False,0.04801885319811061,0.03349626844110273,0.007685177394208464,0.014522584757007878,0.025811091046894268,1,"(0, 0, 0, 1)",1.032258064516129,1.0666666666666667,6.1754631996154785
wall_surface_2026-03-18,mirror_harmonic_x,1/2,3,4,False,0.04801885319811061,0.03349454809425883,0.018302927470747927,0.014524305103851783,0.015191620623510902,0,"(0, 0, 0, 0)",1.0,1.1176470588235294,6.1499340534210205
wall_surface_2026-03-18,uniform_x,1/2,3,4,True,0.04801885319811061,0.024510243054245925,0.010422740025294662,0.023508610143864687,0.014087503028951263,0,"(0, 0, 0, 0)",1.0,1.0625,6.163778066635132
wall_surface_2026-03-18,geometric_x,1/2,3,4,True,0.04801885319811061,0.021838262465232617,0.007553957776491171,0.026180590732877995,0.014284304688741447,7,"(0, 1, 1, 1)",1.3542555469368927,1.4142135623730951,6.140492916107178
wall_surface_2026-03-18,harmonic_x,1/2,3,4,True,0.04801885319811061,0.01922014925816906,0.007685177394208464,0.02879870393994155,0.011534971863960597,12,"(1, 1, 0, 0)",1.6,1.6842105263157894,5.990787744522095
wall_surface_2026-03-18,mirror_harmonic_x,1/2,3,4,True,0.04801885319811061,0.02832478560795559,0.018302927470747927,0.01969406759015502,0.010021858137207663,15,"(1, 1, 1, 1)",1.967741935483871,2.0,6.122112035751343
wall_surface_2026-03-18,uniform_x,1/2,3,5,False,0.04801885319811061,0.03127055592813419,0.005419629112361607,0.01674829726997642,0.025850926815772585,2,"(0, 0, 0, 1, 0)",1.0625,1.09375,12.365868091583252
wall_surface_2026-03-18,geometric_x,1/2,3,5,False,0.04801885319811061,0.03620078606822961,0.003842389163193495,0.011818067129881003,0.03235839690503611,0,"(0, 0, 0, 0, 0)",1.0,1.0218971486541166,12.758053064346313
wall_surface_2026-03-18,harmonic_x,1/2,3,5,False,0.04801885319811061,0.03951902025769396,0.004239617174228956,0.008499832940416653,0.035279403083465,23,"(1, 0, 1, 1, 1)",1.5609756097560976,1.6,12.78695797920227
wall_surface_2026-03-18,mirror_harmonic_x,1/2,3,5,False,0.04801885319811061,0.03349454809425883,0.010130868899735112,0.014524305103851783,0.023363679194523715,0,"(0, 0, 0, 0, 0)",1.0,1.0606060606060606,12.486434936523438
wall_surface_2026-03-18,uniform_x,1/2,3,5,True,0.04801885319811061,0.02451987340452581,0.005419629112361607,0.023498979793584802,0.019100244292164205,31,"(1, 1, 1, 1, 1)",1.96875,2.0,12.411565065383911
wall_surface_2026-03-18,geometric_x,1/2,3,5,True,0.04801885319811061,0.021864397758092666,0.003842389163193495,0.026154455440017946,0.01802200859489917,18,"(1, 0, 0, 1, 0)",1.4768261459394993,1.5091644275934228,12.455920934677124
wall_surface_2026-03-18,harmonic_x,1/2,3,5,True,0.04801885319811061,0.01922014925816906,0.004239617174228956,0.02879870393994155,0.014980532083940106,24,"(1, 1, 0, 0, 0)",1.6,1.641025641025641,12.421031951904297
wall_surface_2026-03-18,mirror_harmonic_x,1/2,3,5,True,0.04801885319811061,0.028276838823239548,0.010130868899735112,0.019742014374871063,0.018145969923504437,0,"(0, 0, 0, 0, 0)",1.0,1.0606060606060606,12.315982818603516
wall_surface_2026-03-18,uniform_x,1/2,3,6,False,0.04801885319811061,0.03877637238662877,0.0027633102183522973,0.009242480811481844,0.03601306216827647,63,"(1, 1, 1, 1, 1, 1)",1.984375,2.0,25.1561439037323
wall_surface_2026-03-18,geometric_x,1/2,3,6,False,0.04801885319811061,0.04169864852105633,0.0019372364815933578,0.006320204677054284,0.03976141203946297,3,"(0, 0, 0, 0, 1, 1)",1.0330248790212284,1.0442737824274138,25.296175003051758
wall_surface_2026-03-18,harmonic_x,1/2,3,6,False,0.04801885319811061,0.043722628601888566,0.002225137210319355,0.004296224596222045,0.04149749139156921,44,"(1, 0, 1, 1, 0, 0)",1.5238095238095237,1.5421686746987953,25.116713047027588
wall_surface_2026-03-18,mirror_harmonic_x,1/2,3,6,False,0.04801885319811061,0.03840128344402388,0.005339397922687269,0.00961756975408673,0.03306188552133661,32,"(1, 0, 0, 0, 0, 0)",1.6666666666666667,1.6804123711340206,24.772212982177734
wall_surface_2026-03-18,uniform_x,1/2,3,6,True,0.04801885319811061,0.02451987340452581,0.0027633102183522973,0.023498979793584802,0.021756563186173514,63,"(1, 1, 1, 1, 1, 1)",1.984375,2.0,24.27709126472473
wall_surface_2026-03-18,geometric_x,1/2,3,6,True,0.04801885319811061,0.02191493285384739,0.0019372364815933578,0.02610392034426322,0.019977696372254033,41,"(1, 0, 1, 0, 0, 1)",1.559004400237837,1.5759808451078865,24.523382902145386
wall_surface_2026-03-18,harmonic_x,1/2,3,6,True,0.04801885319811061,0.01940107115866117,0.002225137210319355,0.02861778203944944,0.017175933948341816,33,"(1, 0, 0, 0, 0, 1)",1.3473684210526315,1.3617021276595744,24.141247034072876
wall_surface_2026-03-18,mirror_harmonic_x,1/2,3,6,True,0.04801885319811061,0.02819441875521427,0.005339397922687269,0.019824434442896343,0.022855020832527,24,"(0, 1, 1, 0, 0, 0)",1.5454545454545454,1.5617977528089888,24.38160490989685
wall_surface_2026-03-18,uniform_x,1/2,3,7,False,0.04801885319811061,0.042737386383753295,0.0013952675075605118,0.005281466814357316,0.04134211887619278,1,"(0, 0, 0, 0, 0, 0, 1)",1.0078125,1.015625,50.35547995567322
wall_surface_2026-03-18,geometric_x,1/2,3,7,False,0.04801885319811061,0.04489501978344528,0.0009728009170741604,0.0031238334146653293,0.04392221886637112,0,"(0, 0, 0, 0, 0, 0, 0)",1.0,1.0054299011128027,50.72762584686279
wall_surface_2026-03-18,harmonic_x,1/2,3,7,False,0.04801885319811061,0.046349166350692056,0.0011399378286217766,0.0016696868474185556,0.04520922852207028,0,"(0, 0, 0, 0, 0, 0, 0)",1.0,1.003921568627451,51.13742208480835
wall_surface_2026-03-18,mirror_harmonic_x,1/2,3,7,False,0.04801885319811061,0.03959807616868948,0.0027425439601261184,0.00842077702942113,0.036855532208563364,48,"(0, 1, 1, 0, 0, 0, 0)",1.5454545454545454,1.5536723163841808,50.14791703224182
wall_surface_2026-03-18,uniform_x,1/2,3,7,True,0.04801885319811061,0.02462952280937557,0.0013952675075605118,0.02338933038873504,0.023234255301815058,74,"(1, 0, 0, 1, 0, 1, 0)",1.578125,1.5859375,49.50969195365906
wall_surface_2026-03-18,geometric_x,1/2,3,7,True,0.04801885319811061,0.021844448046094818,0.0009728009170741604,0.026174405152015794,0.02087164712902066,77,"(1, 0, 0, 1, 1, 0, 1)",1.5173590411982147,1.5255981507445384,50.411231994628906
wall_surface_2026-03-18,harmonic_x,1/2,3,7,True,0.04801885319811061,0.01922014925816906,0.0011399378286217766,0.02879870393994155,0.018080211429547285,96,"(1, 1, 0, 0, 0, 0, 0)",1.6,1.610062893081761,49.50594401359558
wall_surface_2026-03-18,mirror_harmonic_x,1/2,3,7,True,0.04801885319811061,0.028155103698797916,0.0027425439601261184,0.019863749499312695,0.0254125597386718,72,"(1, 0, 0, 1, 0, 0, 0)",1.72,1.7263681592039801,48.624492168426514
wall_surface_2026-03-18,uniform_x,1/2,5,3,False,0.04801885319811061,0.019390541347960057,0.019266709931147465,0.028628311850150554,0.00012383141681259272,0,"(0, 0, 0)",1.0,1.125,3.1169509887695312
wall_surface_2026-03-18,geometric_x,1/2,5,3,False,0.04801885319811061,0.014811752836464818,0.014571397870416124,0.03320710036164579,0.00024035496604869408,0,"(0, 0, 0)",1.0,1.0905077326652577,2.9180541038513184
wall_surface_2026-03-18,harmonic_x,1/2,5,3,False,0.04801885319811061,0.012883146613235967,0.012535782363257702,0.035135706584874644,0.00034736424997826483,7,"(1, 1, 1)",1.7777777777777777,2.0,2.930773973464966
wall_surface_2026-03-18,mirror_harmonic_x,1/2,5,3,False,0.04801885319811061,0.030433602709489953,0.030246046571444075,0.017585250488620658,0.00018755613804587873,0,"(0, 0, 0)",1.0,1.2222222222222223,3.0702388286590576
wall_surface_2026-03-18,uniform_x,1/2,5,3,True,0.04801885319811061,0.019453210385793538,0.019266709931147465,0.028565642812317073,0.00018650045464607343,2,"(0, 1, 0)",1.25,1.375,3.1159489154815674
wall_surface_2026-03-18,geometric_x,1/2,5,3,True,0.04801885319811061,0.014811752836464818,0.014571397870416124,0.03320710036164579,0.00024035496604869408,0,"(0, 0, 0)",1.0,1.0905077326652577,2.962476968765259
wall_surface_2026-03-18,harmonic_x,1/2,5,3,True,0.04801885319811061,0.012841835777493317,0.012535782363257702,0.035177017420617296,0.00030605341423561513,1,"(0, 0, 1)",1.0666666666666667,1.1428571428571428,2.9456098079681396
wall_surface_2026-03-18,mirror_harmonic_x,1/2,5,3,True,0.04801885319811061,0.030433602709489953,0.030246046571444075,0.017585250488620658,0.00018755613804587873,0,"(0, 0, 0)",1.0,1.2222222222222223,3.073456048965454
wall_surface_2026-03-18,uniform_x,1/2,5,4,False,0.04801885319811061,0.022004631387038523,0.010422740025294662,0.02601422181107209,0.011581891361743861,0,"(0, 0, 0, 0)",1.0,1.0625,6.071454048156738
wall_surface_2026-03-18,geometric_x,1/2,5,4,False,0.04801885319811061,0.02307544318975844,0.007553957776491171,0.024943410008352172,0.01552148541326727,7,"(0, 1, 1, 1)",1.3542555469368927,1.4142135623730951,6.180032014846802
wall_surface_2026-03-18,harmonic_x,1/2,5,4,False,0.04801885319811061,0.02249468263029177,0.007685177394208464,0.025524170567818843,0.014809505236083305,15,"(1, 1, 1, 1)",1.8823529411764706,2.0,6.23484992980957
wall_surface_2026-03-18,mirror_harmonic_x,1/2,5,4,False,0.04801885319811061,0.022183459405970805,0.018302927470747927,0.025835393792139807,0.003880531935222878,0,"(0, 0, 0, 0)",1.0,1.1176470588235294,5.998026132583618
wall_surface_2026-03-18,uniform_x,1/2,5,4,True,0.04801885319811061,0.012064651226631138,0.010422740025294662,0.03595420197147947,0.0016419112013364764,11,"(1, 0, 1, 1)",1.6875,1.75,5.849571943283081
wall_surface_2026-03-18,geometric_x,1/2,5,4,True,0.04801885319811061,0.010250724537867028,0.007553957776491171,0.03776812866024358,0.002696766761375857,0,"(0, 0, 0, 0)",1.0,1.0442737824274138,5.753361940383911
wall_surface_2026-03-18,harmonic_x,1/2,5,4,True,0.04801885319811061,0.010909944441184354,0.007685177394208464,0.037108908756926254,0.00322476704697589,7,"(0, 1, 1, 1)",1.28,1.3333333333333333,5.826998949050903
wall_surface_2026-03-18,mirror_harmonic_x,1/2,5,4,True,0.04801885319811061,0.018967941638976,0.018302927470747927,0.029050911559134612,0.0006650141682280723,0,"(0, 0, 0, 0)",1.0,1.1176470588235294,5.984003782272339
wall_surface_2026-03-18,uniform_x,1/2,5,5,False,0.04801885319811061,0.024053055169944257,0.005419629112361607,0.023965798028166355,0.01863342605758265,19,"(1, 0, 0, 1, 1)",1.59375,1.625,12.483211994171143
wall_surface_2026-03-18,geometric_x,1/2,5,5,False,0.04801885319811061,0.029849564725641077,0.003842389163193495,0.018169288472469534,0.026007175562447582,31,"(1, 1, 1, 1, 1)",1.9571441241754002,2.0,12.387526035308838
wall_surface_2026-03-18,harmonic_x,1/2,5,5,False,0.04801885319811061,0.03209582709330809,0.004239617174228956,0.01592302610480252,0.027856209919079136,5,"(0, 0, 1, 0, 1)",1.0847457627118644,1.103448275862069,12.239733934402466
wall_surface_2026-03-18,mirror_harmonic_x,1/2,5,5,False,0.04801885319811061,0.02409637722084043,0.010130868899735112,0.02392247597727018,0.01396550832110532,10,"(0, 1, 0, 1, 0)",1.4761904761904763,1.5116279069767442,12.193619012832642
wall_surface_2026-03-18,uniform_x,1/2,5,5,True,0.04801885319811061,0.011999669441450879,0.005419629112361607,0.03601918375665973,0.006580040329089272,3,"(0, 0, 0, 1, 1)",1.09375,1.125,11.866059064865112
wall_surface_2026-03-18,geometric_x,1/2,5,5,True,0.04801885319811061,0.010188726332246326,0.003842389163193495,0.03783012686586429,0.006346337169052831,28,"(1, 1, 1, 0, 0)",1.8340080864093424,1.8741676341103,11.627476930618286
wall_surface_2026-03-18,harmonic_x,1/2,5,5,True,0.04801885319811061,0.010909944441184354,0.004239617174228956,0.037108908756926254,0.006670327266955398,15,"(0, 1, 1, 1, 1)",1.3061224489795917,1.3333333333333333,11.827751874923706
wall_surface_2026-03-18,mirror_harmonic_x,1/2,5,5,True,0.04801885319811061,0.018802506456062695,0.010130868899735112,0.029216346742047917,0.008671637556327582,20,"(1, 0, 1, 0, 0)",1.7692307692307692,1.7924528301886793,12.097594022750854
wall_surface_2026-03-18,uniform_x,1/2,5,6,False,0.04801885319811061,0.034749341489033185,0.0027633102183522973,0.013269511709077426,0.031986031270680886,40,"(1, 0, 1, 0, 0, 0)",1.625,1.640625,24.916081190109253
wall_surface_2026-03-18,geometric_x,1/2,5,6,False,0.04801885319811061,0.03798870112680691,0.0019372364815933578,0.0100301520713037,0.036051464645213555,2,"(0, 0, 0, 0, 1, 0)",1.0218971486541166,1.0330248790212284,25.26735210418701
wall_surface_2026-03-18,harmonic_x,1/2,5,6,False,0.04801885319811061,0.03890086812369077,0.002225137210319355,0.00911798507441984,0.03667573091337142,39,"(1, 0, 0, 1, 1, 1)",1.4382022471910112,1.4545454545454546,25.14913511276245
wall_surface_2026-03-18,mirror_harmonic_x,1/2,5,6,False,0.04801885319811061,0.02755863343646477,0.005339397922687269,0.020460219761645842,0.0222192355137775,0,"(0, 0, 0, 0, 0, 0)",1.0,1.0307692307692307,24.34835386276245
wall_surface_2026-03-18,uniform_x,1/2,5,6,True,0.04801885319811061,0.012127460663798337,0.0027633102183522973,0.035891392534312276,0.00936415044544604,15,"(0, 0, 1, 1, 1, 1)",1.234375,1.25,23.640475034713745
wall_surface_2026-03-18,geometric_x,1/2,5,6,True,0.04801885319811061,0.010126845419484928,0.0019372364815933578,0.03789200777862568,0.008189608937891571,40,"(1, 0, 1, 0, 0, 0)",1.5422108254079407,1.559004400237837,23.927101850509644
wall_surface_2026-03-18,harmonic_x,1/2,5,6,True,0.04801885319811061,0.011028539342721267,0.002225137210319355,0.036990313855389347,0.00880340213240191,8,"(0, 0, 1, 0, 0, 0)",1.0666666666666667,1.0756302521008403,23.559544801712036
wall_surface_2026-03-18,mirror_harmonic_x,1/2,5,6,True,0.04801885319811061,0.019015751624031536,0.005339397922687269,0.029003101574079076,0.013676353701344266,47,"(1, 0, 1, 1, 1, 1)",1.8468468468468469,1.8571428571428572,23.871234893798828
wall_surface_2026-03-18,uniform_x,1/2,5,7,False,0.04801885319811061,0.04109086836285988,0.0013952675075605118,0.006927984835250735,0.039695600855299364,80,"(1, 0, 1, 0, 0, 0, 0)",1.625,1.6328125,50.94407510757446
wall_surface_2026-03-18,geometric_x,1/2,5,7,False,0.04801885319811061,0.04259808355568136,0.0009728009170741604,0.0054207696424292545,0.041625282638607194,2,"(0, 0, 0, 0, 0, 1, 0)",1.0108892860517005,1.016378314910953,50.63199305534363
wall_surface_2026-03-18,harmonic_x,1/2,5,7,False,0.04801885319811061,0.04198802332575474,0.0011399378286217766,0.0060308298723558695,0.040848085497132966,2,"(0, 0, 0, 0, 0, 1, 0)",1.0078740157480315,1.0118577075098814,50.31222105026245
wall_surface_2026-03-18,mirror_harmonic_x,1/2,5,7,False,0.04801885319811061,0.033934941038349486,0.0027425439601261184,0.014083912159761125,0.03119239707822337,125,"(1, 1, 1, 1, 1, 0, 1)",1.9881422924901186,1.9921259842519685,49.76414203643799
wall_surface_2026-03-18,uniform_x,1/2,5,7,True,0.04801885319811061,0.012064651226631138,0.0013952675075605118,0.03595420197147947,0.010669383719070627,95,"(1, 0, 1, 1, 1, 1, 1)",1.7421875,1.75,47.797560930252075
wall_surface_2026-03-18,geometric_x,1/2,5,7,True,0.04801885319811061,0.009980796837310141,0.0009728009170741604,0.038038056360800473,0.00900799592023598,80,"(1, 0, 1, 0, 0, 0, 0)",1.5422108254079407,1.550584877685,47.01475405693054
wall_surface_2026-03-18,harmonic_x,1/2,5,7,True,0.04801885319811061,0.010904684586496375,0.0011399378286217766,0.037114168611614234,0.0097647467578746,127,"(1, 1, 1, 1, 1, 1, 1)",1.9844961240310077,2.0,46.85427808761597
wall_surface_2026-03-18,mirror_harmonic_x,1/2,5,7,True,0.04801885319811061,0.018967941638976,0.0027425439601261184,0.029050911559134612,0.01622539767884988,0,"(0, 0, 0, 0, 0, 0, 0)",1.0,1.0155038759689923,65.18923497200012
wall_surface_2026-03-18,uniform_x,1/2,7,3,False,0.04801885319811061,0.019390541347960057,0.019266709931147465,0.028628311850150554,0.00012383141681259272,0,"(0, 0, 0)",1.0,1.125,4.827393054962158
wall_surface_2026-03-18,geometric_x,1/2,7,3,False,0.04801885319811061,0.014811752836464818,0.014571397870416124,0.03320710036164579,0.00024035496604869408,0,"(0, 0, 0)",1.0,1.0905077326652577,4.641190767288208
wall_surface_2026-03-18,harmonic_x,1/2,7,3,False,0.04801885319811061,0.012883146613235967,0.012535782363257702,0.035135706584874644,0.00034736424997826483,7,"(1, 1, 1)",1.7777777777777777,2.0,4.688302040100098
wall_surface_2026-03-18,mirror_harmonic_x,1/2,7,3,False,0.04801885319811061,0.030433602709489953,0.030246046571444075,0.017585250488620658,0.00018755613804587873,0,"(0, 0, 0)",1.0,1.2222222222222223,4.910553932189941
wall_surface_2026-03-18,uniform_x,1/2,7,3,True,0.04801885319811061,0.019453210385793538,0.019266709931147465,0.028565642812317073,0.00018650045464607343,2,"(0, 1, 0)",1.25,1.375,4.995229005813599
wall_surface_2026-03-18,geometric_x,1/2,7,3,True,0.04801885319811061,0.014811752836464818,0.014571397870416124,0.03320710036164579,0.00024035496604869408,0,"(0, 0, 0)",1.0,1.0905077326652577,4.906002044677734
wall_surface_2026-03-18,harmonic_x,1/2,7,3,True,0.04801885319811061,0.012841835777493317,0.012535782363257702,0.035177017420617296,0.00030605341423561513,1,"(0, 0, 1)",1.0666666666666667,1.1428571428571428,4.668233156204224
wall_surface_2026-03-18,mirror_harmonic_x,1/2,7,3,True,0.04801885319811061,0.030433602709489953,0.030246046571444075,0.017585250488620658,0.00018755613804587873,0,"(0, 0, 0)",1.0,1.2222222222222223,4.99486517906189
wall_surface_2026-03-18,uniform_x,1/2,7,4,False,0.04801885319811061,0.017546370010446868,0.010422740025294662,0.030472483187663744,0.007123629985152206,1,"(0, 0, 0, 1)",1.0625,1.125,9.445445775985718
wall_surface_2026-03-18,geometric_x,1/2,7,4,False,0.04801885319811061,0.013679363761133788,0.007553957776491171,0.034339489436976824,0.006125405984642617,11,"(1, 0, 1, 1)",1.6104903319492543,1.681792830507429,9.6161048412323
wall_surface_2026-03-18,harmonic_x,1/2,7,4,False,0.04801885319811061,0.01177032913040728,0.007685177394208464,0.03624852406770333,0.004085151736198816,9,"(1, 0, 0, 1)",1.391304347826087,1.4545454545454546,9.815755128860474
wall_surface_2026-03-18,mirror_harmonic_x,1/2,7,4,False,0.04801885319811061,0.024152031993215327,0.018302927470747927,0.023866821204895285,0.0058491045224674,0,"(0, 0, 0, 0)",1.0,1.1176470588235294,9.86322808265686
wall_surface_2026-03-18,uniform_x,1/2,7,4,True,0.04801885319811061,0.01459078374571831,0.010422740025294662,0.0334280694523923,0.004168043720423648,1,"(0, 0, 0, 1)",1.0625,1.125,9.553934097290039
wall_surface_2026-03-18,geometric_x,1/2,7,4,True,0.04801885319811061,0.012913659728729786,0.007553957776491171,0.035105193469380826,0.005359701952238615,15,"(1, 1, 1, 1)",1.9152065613971474,2.0,10.404019355773926
wall_surface_2026-03-18,harmonic_x,1/2,7,4,True,0.04801885319811061,0.012062443805434865,0.007685177394208464,0.03595640939267575,0.004377266411226401,1,"(0, 0, 0, 1)",1.032258064516129,1.0666666666666667,16.478479862213135
wall_surface_2026-03-18,mirror_harmonic_x,1/2,7,4,True,0.04801885319811061,0.019462216898159437,0.018302927470747927,0.028556636299951175,0.0011592894274115098,15,"(1, 1, 1, 1)",1.967741935483871,2.0,9.909732818603516
wall_surface_2026-03-18,uniform_x,1/2,7,5,False,0.04801885319811061,0.019209798904183534,0.005419629112361607,0.028809054293927078,0.013790169791821927,31,"(1, 1, 1, 1, 1)",1.96875,2.0,21.179868936538696
wall_surface_2026-03-18,geometric_x,1/2,7,5,False,0.04801885319811061,0.01845280979671246,0.003842389163193495,0.02956604340139815,0.014610420633518965,31,"(1, 1, 1, 1, 1)",1.9571441241754002,2.0,19.410676956176758
wall_surface_2026-03-18,harmonic_x,1/2,7,5,False,0.04801885319811061,0.025787062806055732,0.004239617174228956,0.02223179039205488,0.021547445631826777,31,"(1, 1, 1, 1, 1)",1.9393939393939394,2.0,19.502530813217163
wall_surface_2026-03-18,mirror_harmonic_x,1/2,7,5,False,0.04801885319811061,0.024266569033602244,0.010130868899735112,0.023752284164508367,0.014135700133867132,31,"(1, 1, 1, 1, 1)",1.9841269841269842,2.0,19.575735807418823
wall_surface_2026-03-18,uniform_x,1/2,7,5,True,0.04801885319811061,0.014775685385303543,0.005419629112361607,0.03324316781280707,0.009356056272941936,3,"(0, 0, 0, 1, 1)",1.09375,1.125,18.937290906906128
wall_surface_2026-03-18,geometric_x,1/2,7,5,True,0.04801885319811061,0.012990315171399506,0.003842389163193495,0.035028538026711104,0.009147926008206011,3,"(0, 0, 0, 1, 1)",1.0671404006768237,1.0905077326652577,18.986335039138794
wall_surface_2026-03-18,harmonic_x,1/2,7,5,True,0.04801885319811061,0.012159966176948655,0.004239617174228956,0.03585888702116195,0.0079203490027197,31,"(1, 1, 1, 1, 1)",1.9393939393939394,2.0,18.926119089126587
wall_surface_2026-03-18,mirror_harmonic_x,1/2,7,5,True,0.04801885319811061,0.019713316976172998,0.010130868899735112,0.028305536221937613,0.009582448076437886,3,"(0, 0, 0, 1, 1)",1.1714285714285715,1.2222222222222223,19.256438970565796
wall_surface_2026-03-18,uniform_x,1/2,7,6,False,0.04801885319811061,0.03113063799849501,0.0027633102183522973,0.0168882151996156,0.028367327780142716,28,"(0, 1, 1, 1, 0, 0)",1.4375,1.453125,39.106903076171875
wall_surface_2026-03-18,geometric_x,1/2,7,6,False,0.04801885319811061,0.030612559035653873,0.0019372364815933578,0.01740629416245674,0.028675322554060516,63,"(1, 1, 1, 1, 1, 1)",1.978456026387951,2.0,39.16118597984314
wall_surface_2026-03-18,harmonic_x,1/2,7,6,False,0.04801885319811061,0.03551190754668114,0.002225137210319355,0.012506945651429471,0.033286770336361786,56,"(1, 1, 1, 0, 0, 0)",1.7777777777777777,1.8028169014084507,39.84947896003723
wall_surface_2026-03-18,mirror_harmonic_x,1/2,7,6,False,0.04801885319811061,0.03392353860374725,0.005339397922687269,0.014095314594363362,0.02858414068105998,63,"(1, 1, 1, 1, 1, 1)",1.9921259842519685,2.0,38.92170786857605
wall_surface_2026-03-18,uniform_x,1/2,7,6,True,0.04801885319811061,0.014747873187935474,0.0027633102183522973,0.03327098001017514,0.011984562969583177,44,"(1, 0, 1, 1, 0, 0)",1.6875,1.703125,37.86259579658508
wall_surface_2026-03-18,geometric_x,1/2,7,6,True,0.04801885319811061,0.012990315171399506,0.0019372364815933578,0.035028538026711104,0.011053078689806149,7,"(0, 0, 0, 1, 1, 1)",1.0787607977571199,1.0905077326652577,37.932047843933105
wall_surface_2026-03-18,harmonic_x,1/2,7,6,True,0.04801885319811061,0.012062443805434865,0.002225137210319355,0.03595640939267575,0.00983730659511551,7,"(0, 0, 0, 1, 1, 1)",1.0578512396694215,1.0666666666666667,37.650524854660034
wall_surface_2026-03-18,mirror_harmonic_x,1/2,7,6,True,0.04801885319811061,0.019524536833220998,0.005339397922687269,0.028494316364889614,0.014185138910533728,9,"(0, 0, 1, 0, 0, 1)",1.2465753424657535,1.2702702702702702,38.8974609375
wall_surface_2026-03-18,uniform_x,1/2,7,7,False,0.04801885319811061,0.03548155968928125,0.0013952675075605118,0.012537293508829359,0.03408629218172074,7,"(0, 0, 0, 0, 1, 1, 1)",1.0546875,1.0625,82.42393970489502
wall_surface_2026-03-18,geometric_x,1/2,7,7,False,0.04801885319811061,0.03696127324160628,0.0009728009170741604,0.011057579956504332,0.03598847232453212,7,"(0, 0, 0, 0, 1, 1, 1)",1.0386341019613787,1.0442737824274138,80.13770174980164
wall_surface_2026-03-18,harmonic_x,1/2,7,7,False,0.04801885319811061,0.04077170595721766,0.0011399378286217766,0.007247147240892954,0.03963176812859588,112,"(1, 1, 1, 0, 0, 0, 0)",1.7777777777777777,1.7902097902097902,81.00133395195007
wall_surface_2026-03-18,mirror_harmonic_x,1/2,7,7,False,0.04801885319811061,0.033582711562705134,0.0027425439601261184,0.014436141635405478,0.030840167602579016,65,"(1, 0, 0, 0, 0, 0, 1)",1.6735751295336787,1.6804123711340206,81.95606184005737
wall_surface_2026-03-18,uniform_x,1/2,7,7,True,0.04801885319811061,0.014775685385303543,0.0013952675075605118,0.03324316781280707,0.013380417877743031,15,"(0, 0, 0, 1, 1, 1, 1)",1.1171875,1.125,87.27060985565186
wall_surface_2026-03-18,geometric_x,1/2,7,7,True,0.04801885319811061,0.012990315171399506,0.0009728009170741604,0.035028538026711104,0.012017514254325345,15,"(0, 0, 0, 1, 1, 1, 1)",1.0846183622133092,1.0905077326652577,77.1947340965271
wall_surface_2026-03-18,harmonic_x,1/2,7,7,True,0.04801885319811061,0.012159966176948655,0.0011399378286217766,0.03585888702116195,0.011020028348326879,127,"(1, 1, 1, 1, 1, 1, 1)",1.9844961240310077,2.0,7323.003592014313
wall_surface_2026-03-18,mirror_harmonic_x,1/2,7,7,True,0.04801885319811061,0.01971467906362808,0.0027425439601261184,0.02830417413448253,0.016972135103501963,127,"(1, 1, 1, 1, 1, 1, 1)",1.996078431372549,2.0,20029.96607208252
